id,name,sector,state,contractor,implementingAgency,ministry,startDate,sanctioned_cost_cr,physical_progress,planned_progress,progress_diff,expenditure_ratio,land_acq_delay_months,geo_difficulty,monsoon_flood_risk,utility_shifting_progress,contractor_liquidity,metrology_compliance_burden,weighbridge_calibration_gap_days,gatc_test_centre_lead_days,packaged_commodities_audit_risk,jan_vishwas_relief_index,delay_days,status,label,confidence_score,confidence_pct,is_synthetic,data_source
SYN-HWAY-MEG-PKG-01A,[SYNTHETIC] Meghalaya Strategic Border Highway NH-Pass (Pkg 01A),Highways,Meghalaya,L&T Construction,MoRTH,Ministry of Road Transport and Highways,2018-02-21,4759.2,67.7,79.8,-12.1,1.36,18,0.836,0.954,47.6,0.86,0.734,34.8,58.4,0.399,0.0,156,high_risk,2,82.4,82.4,True,SYNTHETIC
SYN-RLWY-DEL-PKG-02B,[SYNTHETIC] Delhi Multi-Modal Terminal Railway Yard (Pkg 02B),Railways,Delhi,Ircon International,IRCON,Ministry of Railways,2018-03-08,1629.0,70.2,83.6,-13.4,1.363,24,0.275,0.268,58.4,1.12,0.797,54.9,64.5,0.356,0.0,155,high_risk,2,86.1,86.1,True,SYNTHETIC
SYN-POWR-HIM-PKG-03C,[SYNTHETIC] Himachal Pradesh Run-of-River Hydroelectric Spillway (Pkg 03C),Power,Himachal Pradesh,Sterlite Power,SJVN,Ministry of Power,2018-03-18,3388.5,58.7,69.6,-10.9,1.465,6,0.87,0.688,55.3,1.13,0.619,15.9,67.3,0.333,0.0,142,high_risk,2,81.3,81.3,True,SYNTHETIC
SYN-WATR-JAM-PKG-04D,[SYNTHETIC] Jammu & Kashmir Urban Potable Water Treatment Plant (Pkg 04D),Water,Jammu & Kashmir,GVPR Engineers,WAPCOS,Ministry of Jal Shakti,2018-04-01,2589.3,81.3,84.8,-3.5,1.248,12,0.912,0.657,60.4,1.26,0.717,37.2,69.0,0.192,0.0,77,moderate,1,78.8,78.8,True,SYNTHETIC
SYN-URBN-UTT-PKG-05E,[SYNTHETIC] Uttar Pradesh Flyover Grade Separator Complex (Pkg 05E),Urban Development,Uttar Pradesh,J. Kumar Infraprojects,MMRDA,Ministry of Housing & Urban Affairs,2018-04-11,3149.8,83.8,89.0,-5.2,1.187,2,0.236,0.557,58.8,1.17,0.592,31.5,68.1,0.646,0.0,46,moderate,1,90.2,90.2,True,SYNTHETIC
SYN-TELC-MAN-PKG-06F,[SYNTHETIC] Manipur High-Altitude Satellite Earth Ground Node (Pkg 06F),Telecom,Manipur,Sterlite Technologies,BBNL (BharatNet),Ministry of Communications,2018-05-06,2811.0,30.8,51.9,-21.1,1.383,24,0.823,0.851,44.9,0.71,0.519,22.5,62.5,0.251,0.0,217,critical,2,78.9,78.9,True,SYNTHETIC
SYN-RLWY-WES-PKG-07G,[SYNTHETIC] West Bengal Double Track Electrification Package (Pkg 07G),Railways,West Bengal,Kalpataru Projects,NHSRCL,Ministry of Railways,2018-05-17,4618.8,17.2,43.6,-26.4,1.861,18,0.355,0.827,44.7,0.58,0.757,45.9,58.2,0.479,0.0,420,critical,2,83.1,83.1,True,SYNTHETIC
SYN-RLWY-ASS-PKG-08H,[SYNTHETIC] Assam High-Speed Bullet Rail Viaduct (Pkg 08H),Railways,Assam,Afcons Infrastructure,DFCCIL,Ministry of Railways,2018-05-20,3833.9,66.8,81.7,-14.9,1.305,18,0.656,0.961,51.2,0.77,0.752,48.9,64.2,0.336,0.0,169,high_risk,2,84.7,84.7,True,SYNTHETIC
SYN-WATR-HAR-PKG-09A,[SYNTHETIC] Haryana Inter-River Basin Transfer Aqueduct (Pkg 09A),Water,Haryana,Megha Engineering (MEIL),NWDA,Ministry of Jal Shakti,2018-06-17,2491.9,32.7,41.1,-8.4,1.097,6,0.238,0.228,68.4,0.99,0.661,55.5,64.5,0.332,0.0,58,moderate,1,91.9,91.9,True,SYNTHETIC
SYN-URBN-PUD-PKG-10B,[SYNTHETIC] Puducherry Flyover Grade Separator Complex (Pkg 10B),Urban Development,Puducherry,ITD Cementation,Maha Metro,Ministry of Housing & Urban Affairs,2018-06-22,2229.6,50.7,63.4,-12.7,1.357,18,0.317,0.639,49.4,0.83,0.61,40.5,73.2,0.531,0.0,122,high_risk,2,86.4,86.4,True,SYNTHETIC
SYN-URBN-LAK-PKG-11C,[SYNTHETIC] Lakshadweep Metro Rail Elevated Rapid Transit Line (Pkg 11C),Urban Development,Lakshadweep,Reliance Infra - Astaldi JV,UPMRC,Ministry of Housing & Urban Affairs,2018-06-24,3420.8,70.7,76.3,-5.6,1.248,2,0.58,0.798,50.0,1.25,0.726,28.6,61.9,0.596,0.0,67,moderate,1,80.7,80.7,True,SYNTHETIC
SYN-HWAY-HIM-PKG-12D,[SYNTHETIC] Himachal Pradesh 4-Lane Ring Road Bypass (Pkg 12D),Highways,Himachal Pradesh,Tata Projects,NHAI,Ministry of Road Transport and Highways,2018-06-25,3236.2,74.1,80.5,-6.4,1.209,2,0.82,0.791,71.6,1.4,0.694,24.9,56.2,0.482,0.0,82,moderate,1,84.1,84.1,True,SYNTHETIC
SYN-HWAY-CHA-PKG-13E,[SYNTHETIC] Chandigarh Strategic Border Highway NH-Pass (Pkg 13E),Highways,Chandigarh,Afcons Infrastructure,BRO,Ministry of Road Transport and Highways,2018-06-29,3628.9,33.8,35.7,-1.9,1.052,2,0.297,0.319,77.4,1.78,0.731,25.9,68.4,0.467,0.0,22,on_track,0,89.2,89.2,True,SYNTHETIC
SYN-POWR-AND-PKG-14F,[SYNTHETIC] Andaman & Nicobar Gas-Insulated GIS Substation Node (Pkg 14F),Power,Andaman & Nicobar,Kalpataru Power Transmission,NTPC,Ministry of Power,2018-07-07,4994.0,61.6,63.4,-1.8,1.049,0,0.754,0.839,93.2,1.35,0.722,27.7,64.9,0.32,0.0,24,on_track,0,98.0,98.0,True,SYNTHETIC
SYN-WATR-JHA-PKG-15G,[SYNTHETIC] Jharkhand Jal Jeevan Mission Bulk Water Pipeline (Pkg 15G),Water,Jharkhand,Patel Engineering,State Water Resource Dept,Ministry of Jal Shakti,2018-07-14,4637.1,72.8,69.8,3.0,1.027,2,0.717,0.612,99.2,1.63,0.705,48.3,74.4,0.217,0.0,21,on_track,0,96.8,96.8,True,SYNTHETIC
SYN-WATR-RAJ-PKG-16H,[SYNTHETIC] Rajasthan Multi-Purpose Barrage & Canal Network (Pkg 16H),Water,Rajasthan,Vishwa Infrastructures,WAPCOS,Ministry of Jal Shakti,2018-07-14,4805.1,70.5,76.6,-6.1,1.137,12,0.346,0.203,58.3,1.08,0.624,34.1,68.4,0.326,0.0,42,moderate,1,83.4,83.4,True,SYNTHETIC
SYN-TELC-MAD-PKG-17A,[SYNTHETIC] Madhya Pradesh Strategic Submarine OFC Coastal Terminal (Pkg 17A),Telecom,Madhya Pradesh,TCIL,TCIL,Ministry of Communications,2018-07-22,284.5,49.9,84.6,-34.7,1.75,24,0.483,0.486,32.4,0.92,0.498,12.5,63.0,0.28,0.0,244,critical,2,80.7,80.7,True,SYNTHETIC
SYN-HWAY-GUJ-PKG-18B,[SYNTHETIC] Gujarat Multi-Span Elevated Viaduct Stretch (Pkg 18B),Highways,Gujarat,IRB Infrastructure,State PWD Highways,Ministry of Road Transport and Highways,2018-07-27,3944.6,61.2,69.4,-8.2,1.216,2,0.276,0.554,65.9,1.32,0.677,48.1,60.1,0.377,0.0,74,moderate,1,88.4,88.4,True,SYNTHETIC
SYN-RLWY-SIK-PKG-19C,[SYNTHETIC] Sikkim Dedicated Freight Corridor Section (Pkg 19C),Railways,Sikkim,Ircon International,IRCON,Ministry of Railways,2018-07-29,4220.2,26.1,35.0,-8.9,1.172,12,0.934,0.844,59.2,1.31,0.749,47.9,55.9,0.457,0.0,51,moderate,1,79.9,79.9,True,SYNTHETIC
SYN-POWR-MAD-PKG-20D,[SYNTHETIC] Madhya Pradesh Run-of-River Hydroelectric Spillway (Pkg 20D),Power,Madhya Pradesh,BHEL,NHPC,Ministry of Power,2018-08-05,3947.9,71.3,72.3,-1.0,1.011,0,0.468,0.486,82.0,1.88,0.609,32.6,63.3,0.4,0.0,19,on_track,0,85.4,85.4,True,SYNTHETIC
SYN-POWR-KAR-PKG-21E,[SYNTHETIC] Karnataka Run-of-River Hydroelectric Spillway (Pkg 21E),Power,Karnataka,Sterlite Power,NHPC,Ministry of Power,2018-08-15,4003.2,56.4,68.5,-12.1,1.324,6,0.52,0.667,46.7,1.2,0.643,18.2,65.4,0.438,0.0,129,high_risk,2,75.6,75.6,True,SYNTHETIC
SYN-WATR-WES-PKG-22F,[SYNTHETIC] West Bengal Lift Irrigation Distribution System (Pkg 22F),Water,West Bengal,Megha Engineering (MEIL),State Water Resource Dept,Ministry of Jal Shakti,2018-08-22,3996.9,36.3,67.1,-30.8,1.84,18,0.358,0.808,43.7,0.7,0.646,42.9,64.9,0.279,0.0,423,critical,2,82.2,82.2,True,SYNTHETIC
SYN-URBN-RAJ-PKG-23G,[SYNTHETIC] Rajasthan Flyover Grade Separator Complex (Pkg 23G),Urban Development,Rajasthan,ITD Cementation,Smart City SPV,Ministry of Housing & Urban Affairs,2018-08-22,1792.2,34.5,41.1,-6.6,1.24,2,0.243,0.203,68.0,1.25,0.644,34.4,72.9,0.576,0.0,55,moderate,1,80.4,80.4,True,SYNTHETIC
SYN-HWAY-MAH-PKG-24H,[SYNTHETIC] Maharashtra 4-Lane Ring Road Bypass (Pkg 24H),Highways,Maharashtra,Afcons Infrastructure,BRO,Ministry of Road Transport and Highways,2018-08-26,5080.2,41.8,75.4,-33.6,1.813,24,0.522,0.759,19.8,0.59,0.668,45.8,56.3,0.488,0.0,533,critical,2,80.6,80.6,True,SYNTHETIC
SYN-RLWY-CHA-PKG-25A,[SYNTHETIC] Chandigarh Multi-Modal Terminal Railway Yard (Pkg 25A),Railways,Chandigarh,Tata Projects,Indian Railways,Ministry of Railways,2018-08-28,1719.7,28.0,45.7,-17.7,1.262,24,0.239,0.377,48.0,1.13,0.829,38.3,59.9,0.407,0.0,101,high_risk,2,91.7,91.7,True,SYNTHETIC
SYN-POWR-AND-PKG-01B,[SYNTHETIC] Andhra Pradesh 800kV HVDC Inter-Regional Dipole Line (Pkg 01B),Power,Andhra Pradesh,KEC International,NTPC,Ministry of Power,2018-08-30,5087.9,33.0,42.4,-9.4,1.223,2,0.419,0.711,59.5,1.23,0.657,28.8,72.6,0.323,0.0,35,moderate,1,87.2,87.2,True,SYNTHETIC
SYN-WATR-PUN-PKG-02C,[SYNTHETIC] Punjab Inter-River Basin Transfer Aqueduct (Pkg 02C),Water,Punjab,Vishwa Infrastructures,Jal Nigam,Ministry of Jal Shakti,2018-08-31,4310.3,76.4,72.6,3.8,1.003,0,0.188,0.405,82.9,1.45,0.683,49.2,58.0,0.279,0.0,22,on_track,0,97.5,97.5,True,SYNTHETIC
SYN-WATR-UTT-PKG-03D,[SYNTHETIC] Uttar Pradesh Lift Irrigation Distribution System (Pkg 03D),Water,Uttar Pradesh,NCC Limited,NWDA,Ministry of Jal Shakti,2018-09-04,2415.2,30.3,46.0,-15.7,1.454,18,0.258,0.539,51.5,0.87,0.609,41.8,71.1,0.288,0.0,178,high_risk,2,81.8,81.8,True,SYNTHETIC
SYN-URBN-KER-PKG-04E,[SYNTHETIC] Kerala Metro Rail Elevated Rapid Transit Line (Pkg 04E),Urban Development,Kerala,Tata Projects,DMRC,Ministry of Housing & Urban Affairs,2018-09-04,4226.9,35.3,33.3,2.0,1.046,0,0.651,0.866,93.6,2.23,0.655,23.3,69.9,0.554,0.0,5,on_track,0,96.4,96.4,True,SYNTHETIC
SYN-HWAY-UTT-PKG-05F,[SYNTHETIC] Uttarakhand Economic Expressway Corridor (Pkg 05F),Highways,Uttarakhand,KNR Constructions,NHIDCL,Ministry of Road Transport and Highways,2018-09-10,2075.6,77.2,83.3,-6.1,1.197,2,0.9,0.825,78.5,1.49,0.681,26.2,55.9,0.413,0.0,66,moderate,1,81.3,81.3,True,SYNTHETIC
SYN-HWAY-MAD-PKG-06G,[SYNTHETIC] Madhya Pradesh 4-Lane Ring Road Bypass (Pkg 06G),Highways,Madhya Pradesh,Tata Projects,State PWD Highways,Ministry of Road Transport and Highways,2018-09-11,3038.1,32.6,58.0,-25.4,1.54,18,0.571,0.513,19.8,0.81,0.641,45.5,67.2,0.463,0.0,439,critical,2,92.6,92.6,True,SYNTHETIC
SYN-RLWY-CHH-PKG-07H,[SYNTHETIC] Chhattisgarh Multi-Modal Terminal Railway Yard (Pkg 07H),Railways,Chhattisgarh,KEC International,IRCON,Ministry of Railways,2018-09-14,1710.4,41.9,59.5,-17.6,1.313,12,0.692,0.591,55.7,0.83,0.824,45.2,74.6,0.361,0.0,120,high_risk,2,76.6,76.6,True,SYNTHETIC
SYN-POWR-GUJ-PKG-08A,[SYNTHETIC] Gujarat Ultra-Mega Solar Park Substation Grid (Pkg 08A),Power,Gujarat,L&T Power Transmission,NEEPCO,Ministry of Power,2018-09-15,4545.7,68.3,78.7,-10.4,1.152,6,0.351,0.616,65.7,1.37,0.745,21.7,65.6,0.358,0.0,32,moderate,1,82.5,82.5,True,SYNTHETIC
SYN-WATR-WES-PKG-09B,[SYNTHETIC] West Bengal Inter-River Basin Transfer Aqueduct (Pkg 09B),Water,West Bengal,Megha Engineering (MEIL),Jal Nigam,Ministry of Jal Shakti,2018-09-17,2947.4,59.0,77.9,-18.9,1.277,6,0.378,0.837,40.0,1.18,0.71,53.3,55.7,0.316,0.0,167,high_risk,2,87.2,87.2,True,SYNTHETIC
SYN-URBN-DAD-PKG-10C,[SYNTHETIC] Dadra & Nagar Haveli and Daman & Diu Multi-Modal Transit Terminal Hub (Pkg 10C),Urban Development,Dadra & Nagar Haveli and Daman & Diu,Reliance Infra - Astaldi JV,BMRCL,Ministry of Housing & Urban Affairs,2018-09-18,4653.8,30.8,47.1,-16.3,1.336,12,0.313,0.609,63.8,0.81,0.506,35.6,71.5,0.567,0.0,137,high_risk,2,89.8,89.8,True,SYNTHETIC
SYN-HWAY-ARU-PKG-11D,[SYNTHETIC] Arunachal Pradesh Multi-Span Elevated Viaduct Stretch (Pkg 11D),Highways,Arunachal Pradesh,Afcons Infrastructure,MoRTH,Ministry of Road Transport and Highways,2018-09-21,5344.9,45.4,50.1,-4.7,1.194,2,0.939,0.922,73.0,1.13,0.609,41.1,71.5,0.426,0.0,85,moderate,1,84.8,84.8,True,SYNTHETIC
SYN-RLWY-GUJ-PKG-12E,[SYNTHETIC] Gujarat Multi-Modal Terminal Railway Yard (Pkg 12E),Railways,Gujarat,L&T Construction,RVNL,Ministry of Railways,2018-09-23,3161.3,32.2,32.7,-0.5,1.024,0,0.366,0.591,84.4,1.71,0.79,64.8,64.2,0.42,0.0,13,on_track,0,93.5,93.5,True,SYNTHETIC
SYN-POWR-TEL-PKG-13F,[SYNTHETIC] Telangana Ultra-Mega Solar Park Substation Grid (Pkg 13F),Power,Telangana,L&T Power Transmission,NHPC,Ministry of Power,2018-09-24,3079.0,49.7,79.3,-29.6,1.702,18,0.374,0.538,42.7,0.77,0.605,29.0,58.5,0.316,0.0,256,critical,2,79.9,79.9,True,SYNTHETIC
SYN-POWR-UTT-PKG-14G,[SYNTHETIC] Uttar Pradesh Gas-Insulated GIS Substation Node (Pkg 14G),Power,Uttar Pradesh,BHEL,SJVN,Ministry of Power,2018-09-24,2578.6,28.6,29.0,-0.4,1.016,0,0.247,0.477,92.8,1.65,0.665,20.5,57.9,0.381,0.0,1,on_track,0,85.5,85.5,True,SYNTHETIC
SYN-WATR-UTT-PKG-15H,[SYNTHETIC] Uttar Pradesh Urban Potable Water Treatment Plant (Pkg 15H),Water,Uttar Pradesh,Patel Engineering,State Water Resource Dept,Ministry of Jal Shakti,2018-09-27,293.8,53.4,66.4,-13.0,1.441,6,0.314,0.555,43.5,0.74,0.707,25.4,69.7,0.288,0.0,145,high_risk,2,84.7,84.7,True,SYNTHETIC
SYN-URBN-HAR-PKG-16A,[SYNTHETIC] Haryana Multi-Modal Transit Terminal Hub (Pkg 16A),Urban Development,Haryana,Afcons Infrastructure,Maha Metro,Ministry of Housing & Urban Affairs,2018-09-27,2613.0,66.2,73.9,-7.7,1.241,2,0.261,0.259,67.5,0.98,0.532,35.2,58.5,0.569,0.0,32,moderate,1,82.8,82.8,True,SYNTHETIC
SYN-TELC-LAD-PKG-17B,[SYNTHETIC] Ladakh BharatNet Phase-III Optical Fiber Grid (Pkg 17B),Telecom,Ladakh,Tejas Networks,USOF (DoT),Ministry of Communications,2018-10-01,977.3,66.6,76.9,-10.3,1.063,12,0.92,0.163,65.3,1.01,0.478,19.0,65.5,0.244,0.0,40,moderate,1,93.3,93.3,True,SYNTHETIC
SYN-HWAY-CHH-PKG-18C,[SYNTHETIC] Chhattisgarh Strategic Border Highway NH-Pass (Pkg 18C),Highways,Chhattisgarh,Ashoka Buildcon,MoRTH,Ministry of Road Transport and Highways,2018-10-03,4607.8,36.9,38.9,-2.0,0.989,2,0.593,0.649,75.8,2.15,0.759,40.6,57.9,0.476,0.0,11,on_track,0,85.7,85.7,True,SYNTHETIC
SYN-RLWY-UTT-PKG-19D,[SYNTHETIC] Uttarakhand Dedicated Freight Corridor Section (Pkg 19D),Railways,Uttarakhand,Siemens Rail India,RVNL,Ministry of Railways,2018-10-04,2866.7,68.3,79.9,-11.6,1.287,18,0.938,0.93,56.8,0.76,0.742,45.7,67.7,0.407,0.0,115,high_risk,2,89.6,89.6,True,SYNTHETIC
SYN-WATR-MAH-PKG-20E,[SYNTHETIC] Maharashtra Inter-River Basin Transfer Aqueduct (Pkg 20E),Water,Maharashtra,Megha Engineering (MEIL),Jal Nigam,Ministry of Jal Shakti,2018-10-08,4995.0,54.6,69.4,-14.8,1.423,18,0.56,0.738,49.7,1.08,0.579,29.9,73.0,0.29,0.0,107,high_risk,2,86.5,86.5,True,SYNTHETIC
SYN-WATR-TEL-PKG-21F,[SYNTHETIC] Telangana Jal Jeevan Mission Bulk Water Pipeline (Pkg 21F),Water,Telangana,Patel Engineering,WAPCOS,Ministry of Jal Shakti,2018-10-17,1126.7,83.4,80.4,3.0,0.985,0,0.358,0.478,81.4,2.22,0.656,41.2,64.8,0.237,0.0,19,on_track,0,86.1,86.1,True,SYNTHETIC
SYN-URBN-GOA-PKG-22G,[SYNTHETIC] Goa Multi-Modal Transit Terminal Hub (Pkg 22G),Urban Development,Goa,Afcons Infrastructure,Maha Metro,Ministry of Housing & Urban Affairs,2018-10-21,1663.1,21.7,53.4,-31.7,1.832,36,0.583,0.779,33.2,0.66,0.762,28.6,63.3,0.622,0.0,430,critical,2,87.8,87.8,True,SYNTHETIC
SYN-HWAY-NAG-PKG-23H,[SYNTHETIC] Nagaland 4-Lane Ring Road Bypass (Pkg 23H),Highways,Nagaland,Ashoka Buildcon,State PWD Highways,Ministry of Road Transport and Highways,2018-10-22,4518.5,51.1,70.3,-19.2,1.423,12,0.889,0.8,36.4,0.97,0.577,52.4,63.3,0.441,0.0,141,high_risk,2,80.6,80.6,True,SYNTHETIC
SYN-RLWY-UTT-PKG-24A,[SYNTHETIC] Uttarakhand Dedicated Freight Corridor Section (Pkg 24A),Railways,Uttarakhand,Tata Projects,DFCCIL,Ministry of Railways,2018-10-25,433.7,21.2,47.8,-26.6,1.956,36,0.952,0.872,27.7,0.86,0.841,61.8,74.9,0.45,0.0,226,critical,2,90.0,90.0,True,SYNTHETIC
SYN-RLWY-MAD-PKG-25B,[SYNTHETIC] Madhya Pradesh Double Track Electrification Package (Pkg 25B),Railways,Madhya Pradesh,L&T Construction,IRCON,Ministry of Railways,2018-10-28,2979.5,39.4,60.5,-21.1,1.683,18,0.443,0.485,31.7,0.64,0.888,37.3,58.9,0.291,0.0,427,critical,2,80.2,80.2,True,SYNTHETIC
SYN-POWR-MAH-PKG-01C,[SYNTHETIC] Maharashtra 765kV Green Energy Transmission Link (Pkg 01C),Power,Maharashtra,BHEL,POWERGRID,Ministry of Power,2018-11-03,1554.8,53.8,67.8,-14.0,1.5,18,0.516,0.7,49.6,0.71,0.684,25.7,69.5,0.327,0.0,141,high_risk,2,81.3,81.3,True,SYNTHETIC
SYN-URBN-ASS-PKG-02D,[SYNTHETIC] Assam Smart City Integrated Command Centre (Pkg 02D),Urban Development,Assam,ITD Cementation,Smart City SPV,Ministry of Housing & Urban Affairs,2018-11-06,4647.9,68.2,78.2,-10.0,1.118,2,0.71,0.97,51.9,1.36,0.499,30.4,73.8,0.56,0.0,67,moderate,1,86.5,86.5,True,SYNTHETIC
SYN-TELC-SIK-PKG-03E,[SYNTHETIC] Sikkim 100Gbps DWDM National Backbone Link (Pkg 03E),Telecom,Sikkim,Tejas Networks,BSNL,Ministry of Communications,2018-11-09,2443.1,25.5,50.0,-24.5,1.816,24,0.971,0.829,30.3,0.8,0.567,20.4,61.7,0.278,0.0,229,critical,2,91.6,91.6,True,SYNTHETIC
SYN-TELC-TEL-PKG-04F,[SYNTHETIC] Telangana 100Gbps DWDM National Backbone Link (Pkg 04F),Telecom,Telangana,ITI Limited,BSNL,Ministry of Communications,2018-11-14,1053.5,40.2,64.3,-24.1,1.416,24,0.36,0.465,29.9,0.68,0.544,14.7,63.4,0.2,0.0,310,critical,2,83.8,83.8,True,SYNTHETIC
SYN-RLWY-NAG-PKG-05G,[SYNTHETIC] Nagaland Double Track Electrification Package (Pkg 05G),Railways,Nagaland,KEC International,RVNL,Ministry of Railways,2018-11-15,5067.5,24.4,37.7,-13.3,1.337,6,0.849,0.783,44.7,1.2,0.721,39.9,65.2,0.362,0.0,174,high_risk,2,88.4,88.4,True,SYNTHETIC
SYN-POWR-NAG-PKG-06H,[SYNTHETIC] Nagaland 800kV HVDC Inter-Regional Dipole Line (Pkg 06H),Power,Nagaland,KEC International,NTPC,Ministry of Power,2018-11-16,1755.5,27.2,40.5,-13.3,1.392,12,0.873,0.829,61.0,0.76,0.683,18.5,73.6,0.335,0.0,166,high_risk,2,84.3,84.3,True,SYNTHETIC
SYN-WATR-TRI-PKG-07A,[SYNTHETIC] Tripura Inter-River Basin Transfer Aqueduct (Pkg 07A),Water,Tripura,Larsen & Toubro Water,NWDA,Ministry of Jal Shakti,2018-11-16,2716.0,50.2,79.2,-29.0,1.645,24,0.785,0.803,25.1,0.91,0.782,50.6,61.8,0.191,0.0,506,critical,2,91.5,91.5,True,SYNTHETIC
SYN-WATR-KAR-PKG-08B,[SYNTHETIC] Karnataka Inter-River Basin Transfer Aqueduct (Pkg 08B),Water,Karnataka,Vishwa Infrastructures,PPA / CWC,Ministry of Jal Shakti,2018-11-21,2720.7,50.9,56.2,-5.3,1.198,2,0.485,0.677,53.5,1.42,0.656,48.9,61.6,0.35,0.0,37,moderate,1,82.3,82.3,True,SYNTHETIC
SYN-URBN-TEL-PKG-09C,[SYNTHETIC] Telangana Underground Metro Boring & Station Pkg (Pkg 09C),Urban Development,Telangana,L&T Construction,UPMRC,Ministry of Housing & Urban Affairs,2018-12-01,1400.5,62.5,70.9,-8.4,1.146,6,0.426,0.446,71.1,1.22,0.555,41.9,70.2,0.617,0.0,51,moderate,1,88.5,88.5,True,SYNTHETIC
SYN-HWAY-TRI-PKG-10D,[SYNTHETIC] Tripura Greenfield Freight Motorway Section (Pkg 10D),Highways,Tripura,Tata Projects,NHAI,Ministry of Road Transport and Highways,2018-12-02,2049.3,51.6,65.8,-14.2,1.359,18,0.802,0.837,60.4,0.97,0.79,46.4,68.1,0.416,0.0,164,high_risk,2,75.8,75.8,True,SYNTHETIC
SYN-HWAY-RAJ-PKG-11E,[SYNTHETIC] Rajasthan Greenfield Freight Motorway Section (Pkg 11E),Highways,Rajasthan,Dilip Buildcon Ltd.,BRO,Ministry of Road Transport and Highways,2018-12-02,772.1,30.0,65.0,-35.0,1.715,24,0.344,0.195,44.3,0.61,0.663,52.4,65.2,0.476,0.0,518,critical,2,85.3,85.3,True,SYNTHETIC
SYN-POWR-LAD-PKG-12F,[SYNTHETIC] Ladakh Run-of-River Hydroelectric Spillway (Pkg 12F),Power,Ladakh,BHEL,SJVN,Ministry of Power,2018-12-02,590.0,27.5,36.2,-8.7,1.23,6,0.95,0.165,54.8,1.06,0.71,22.7,65.7,0.342,0.0,40,moderate,1,88.8,88.8,True,SYNTHETIC
SYN-WATR-DEL-PKG-13G,[SYNTHETIC] Delhi Urban Potable Water Treatment Plant (Pkg 13G),Water,Delhi,Vishwa Infrastructures,State Water Resource Dept,Ministry of Jal Shakti,2018-12-10,276.3,36.4,38.4,-2.0,1.008,0,0.304,0.321,79.6,2.21,0.61,43.3,55.3,0.453,0.0,4,on_track,0,86.2,86.2,True,SYNTHETIC
SYN-URBN-TAM-PKG-14H,[SYNTHETIC] Tamil Nadu Multi-Modal Transit Terminal Hub (Pkg 14H),Urban Development,Tamil Nadu,J. Kumar Infraprojects,BMRCL,Ministry of Housing & Urban Affairs,2018-12-12,5398.6,18.6,48.0,-29.4,1.732,36,0.375,0.639,29.9,0.62,0.614,23.3,65.0,0.486,0.0,388,critical,2,94.6,94.6,True,SYNTHETIC
SYN-URBN-JHA-PKG-15A,[SYNTHETIC] Jharkhand Smart City Integrated Command Centre (Pkg 15A),Urban Development,Jharkhand,Tata Projects,DMRC,Ministry of Housing & Urban Affairs,2018-12-14,3607.4,56.7,69.6,-12.9,1.235,18,0.662,0.613,41.3,1.02,0.531,28.4,60.0,0.459,0.0,140,high_risk,2,87.7,87.7,True,SYNTHETIC
SYN-HWAY-DAD-PKG-16B,[SYNTHETIC] Dadra & Nagar Haveli and Daman & Diu Greenfield Freight Motorway Section (Pkg 16B),Highways,Dadra & Nagar Haveli and Daman & Diu,Afcons Infrastructure,State PWD Highways,Ministry of Road Transport and Highways,2018-12-15,471.3,39.2,65.7,-26.5,1.675,18,0.318,0.627,46.7,0.86,0.706,48.9,73.2,0.4,0.0,413,critical,2,79.8,79.8,True,SYNTHETIC
SYN-RLWY-KER-PKG-17C,[SYNTHETIC] Kerala Mountain Tunnel & Gauge Conversion (Pkg 17C),Railways,Kerala,KEC International,Indian Railways,Ministry of Railways,2018-12-25,3355.9,45.8,50.2,-4.4,1.134,2,0.609,0.931,58.4,1.37,0.742,36.1,65.5,0.349,0.0,49,moderate,1,78.2,78.2,True,SYNTHETIC
SYN-POWR-UTT-PKG-18D,[SYNTHETIC] Uttar Pradesh 765kV Green Energy Transmission Link (Pkg 18D),Power,Uttar Pradesh,Tata Power,NTPC,Ministry of Power,2018-12-26,5121.0,49.7,47.8,1.9,1.039,0,0.239,0.519,94.8,1.4,0.543,19.6,58.4,0.322,0.0,20,on_track,0,85.5,85.5,True,SYNTHETIC
SYN-POWR-BIH-PKG-19E,[SYNTHETIC] Bihar 765kV Green Energy Transmission Link (Pkg 19E),Power,Bihar,L&T Power Transmission,POWERGRID,Ministry of Power,2019-01-02,4883.0,78.2,78.2,0.0,1.025,0,0.281,0.893,80.6,1.52,0.652,31.9,71.3,0.429,0.0,1,on_track,0,96.4,96.4,True,SYNTHETIC
SYN-URBN-TAM-PKG-20F,[SYNTHETIC] Tamil Nadu Flyover Grade Separator Complex (Pkg 20F),Urban Development,Tamil Nadu,L&T Construction,MMRDA,Ministry of Housing & Urban Affairs,2019-01-03,4741.6,51.2,47.4,3.8,0.988,2,0.391,0.642,92.8,1.55,0.661,31.2,72.4,0.47,0.0,3,on_track,0,86.7,86.7,True,SYNTHETIC
SYN-TELC-BIH-PKG-21G,[SYNTHETIC] Bihar High-Altitude Satellite Earth Ground Node (Pkg 21G),Telecom,Bihar,TCIL,BBNL (BharatNet),Ministry of Communications,2019-01-03,4108.7,22.5,37.8,-15.3,1.237,24,0.332,0.9,53.1,0.74,0.552,17.9,62.6,0.286,0.0,93,high_risk,2,89.1,89.1,True,SYNTHETIC
SYN-HWAY-WES-PKG-22H,[SYNTHETIC] West Bengal Multi-Span Elevated Viaduct Stretch (Pkg 22H),Highways,West Bengal,Ashoka Buildcon,NHIDCL,Ministry of Road Transport and Highways,2019-01-07,4167.1,21.1,37.3,-16.2,1.242,18,0.4,0.824,50.0,1.2,0.749,45.5,67.3,0.493,0.0,114,high_risk,2,85.1,85.1,True,SYNTHETIC
SYN-HWAY-GUJ-PKG-23A,[SYNTHETIC] Gujarat Multi-Span Elevated Viaduct Stretch (Pkg 23A),Highways,Gujarat,Dilip Buildcon Ltd.,BRO,Ministry of Road Transport and Highways,2019-01-09,4477.2,67.2,66.7,0.5,1.01,0,0.313,0.565,83.5,2.03,0.772,49.4,55.4,0.395,0.0,10,on_track,0,93.7,93.7,True,SYNTHETIC
SYN-RLWY-GUJ-PKG-24B,[SYNTHETIC] Gujarat Mountain Tunnel & Gauge Conversion (Pkg 24B),Railways,Gujarat,Kalpataru Projects,IRCON,Ministry of Railways,2019-01-12,624.6,35.9,55.2,-19.3,1.44,6,0.305,0.512,42.3,0.74,0.715,41.8,55.9,0.416,0.0,120,high_risk,2,89.1,89.1,True,SYNTHETIC
SYN-WATR-UTT-PKG-25C,[SYNTHETIC] Uttar Pradesh Urban Potable Water Treatment Plant (Pkg 25C),Water,Uttar Pradesh,GVPR Engineers,State Water Resource Dept,Ministry of Jal Shakti,2019-01-15,4992.1,19.3,38.4,-19.1,1.397,12,0.269,0.601,49.3,0.73,0.585,57.5,73.8,0.242,0.0,126,high_risk,2,78.1,78.1,True,SYNTHETIC
SYN-WATR-MAD-PKG-01D,[SYNTHETIC] Madhya Pradesh Inter-River Basin Transfer Aqueduct (Pkg 01D),Water,Madhya Pradesh,GVPR Engineers,NWDA,Ministry of Jal Shakti,2019-01-15,3317.5,75.6,72.3,3.3,1.027,0,0.539,0.466,98.5,2.17,0.744,25.3,55.8,0.267,0.0,14,on_track,0,95.3,95.3,True,SYNTHETIC
SYN-URBN-MEG-PKG-02E,[SYNTHETIC] Meghalaya Smart City Integrated Command Centre (Pkg 02E),Urban Development,Meghalaya,Tata Projects,Maha Metro,Ministry of Housing & Urban Affairs,2019-01-15,3486.4,22.9,48.7,-25.8,1.65,24,0.793,0.966,41.2,0.65,0.758,25.7,64.3,0.56,0.0,355,critical,2,82.0,82.0,True,SYNTHETIC
SYN-HWAY-TEL-PKG-03F,[SYNTHETIC] Telangana Multi-Span Elevated Viaduct Stretch (Pkg 03F),Highways,Telangana,Ashoka Buildcon,BRO,Ministry of Road Transport and Highways,2019-01-19,253.9,18.4,52.1,-33.7,1.685,36,0.415,0.47,21.0,0.71,0.703,30.2,58.7,0.385,0.0,191,critical,2,76.5,76.5,True,SYNTHETIC
SYN-RLWY-LAK-PKG-04G,[SYNTHETIC] Lakshadweep Dedicated Freight Corridor Section (Pkg 04G),Railways,Lakshadweep,Kalpataru Projects,NHSRCL,Ministry of Railways,2019-01-23,881.6,25.6,56.1,-30.5,1.682,18,0.596,0.85,39.1,0.65,0.837,59.0,67.2,0.373,0.0,337,critical,2,95.5,95.5,True,SYNTHETIC
SYN-RLWY-NAG-PKG-05H,[SYNTHETIC] Nagaland Dedicated Freight Corridor Section (Pkg 05H),Railways,Nagaland,KEC International,NHSRCL,Ministry of Railways,2019-01-24,1064.9,34.6,38.5,-3.9,1.207,2,0.835,0.772,78.7,1.01,0.744,59.4,59.4,0.467,0.0,83,moderate,1,89.5,89.5,True,SYNTHETIC
SYN-POWR-MEG-PKG-06A,[SYNTHETIC] Meghalaya 765kV Green Energy Transmission Link (Pkg 06A),Power,Meghalaya,L&T Power Transmission,NTPC,Ministry of Power,2019-01-27,1265.7,63.0,60.5,2.5,0.99,2,0.798,0.932,82.3,2.19,0.619,21.1,66.3,0.344,0.0,3,on_track,0,94.0,94.0,True,SYNTHETIC
SYN-WATR-UTT-PKG-07B,[SYNTHETIC] Uttar Pradesh Inter-River Basin Transfer Aqueduct (Pkg 07B),Water,Uttar Pradesh,Vishwa Infrastructures,PPA / CWC,Ministry of Jal Shakti,2019-02-02,798.8,28.0,25.9,2.1,1.069,0,0.226,0.583,80.3,1.44,0.705,57.8,58.8,0.338,0.0,3,on_track,0,92.7,92.7,True,SYNTHETIC
SYN-URBN-ODI-PKG-08C,[SYNTHETIC] Odisha Smart City Integrated Command Centre (Pkg 08C),Urban Development,Odisha,Tata Projects,Smart City SPV,Ministry of Housing & Urban Affairs,2019-02-02,3218.1,62.4,58.9,3.5,0.983,0,0.666,0.876,81.7,1.8,0.61,28.2,67.7,0.623,0.0,6,on_track,0,94.6,94.6,True,SYNTHETIC
SYN-HWAY-DAD-PKG-09D,[SYNTHETIC] Dadra & Nagar Haveli and Daman & Diu Multi-Span Elevated Viaduct Stretch (Pkg 09D),Highways,Dadra & Nagar Haveli and Daman & Diu,L&T Construction,NHIDCL,Ministry of Road Transport and Highways,2019-02-12,1423.0,28.5,27.0,1.5,0.991,2,0.382,0.601,97.4,1.69,0.628,28.4,69.8,0.455,0.0,25,on_track,0,91.0,91.0,True,SYNTHETIC
SYN-HWAY-JHA-PKG-10E,[SYNTHETIC] Jharkhand Multi-Span Elevated Viaduct Stretch (Pkg 10E),Highways,Jharkhand,Dilip Buildcon Ltd.,State PWD Highways,Ministry of Road Transport and Highways,2019-02-14,1656.3,88.0,84.4,3.6,1.047,0,0.68,0.582,79.2,1.85,0.74,24.5,74.4,0.507,0.0,10,on_track,0,89.1,89.1,True,SYNTHETIC
SYN-POWR-ODI-PKG-11F,[SYNTHETIC] Odisha Run-of-River Hydroelectric Spillway (Pkg 11F),Power,Odisha,Kalpataru Power Transmission,NTPC,Ministry of Power,2019-02-17,1656.1,40.2,52.0,-11.8,1.345,12,0.621,0.814,59.4,1.18,0.594,24.2,65.0,0.361,0.0,138,high_risk,2,75.3,75.3,True,SYNTHETIC
SYN-WATR-ASS-PKG-12G,[SYNTHETIC] Assam Inter-River Basin Transfer Aqueduct (Pkg 12G),Water,Assam,Larsen & Toubro Water,WAPCOS,Ministry of Jal Shakti,2019-02-19,2735.2,77.3,80.8,-3.5,1.269,2,0.667,0.945,56.6,1.26,0.621,36.7,56.8,0.319,0.0,45,moderate,1,89.1,89.1,True,SYNTHETIC
SYN-URBN-PUN-PKG-13H,[SYNTHETIC] Punjab Smart City Integrated Command Centre (Pkg 13H),Urban Development,Punjab,Tata Projects,UPMRC,Ministry of Housing & Urban Affairs,2019-02-22,2365.0,66.9,68.9,-2.0,1.009,0,0.166,0.365,79.3,1.79,0.566,32.8,56.9,0.588,0.0,10,on_track,0,85.4,85.4,True,SYNTHETIC
SYN-TELC-UTT-PKG-14A,[SYNTHETIC] Uttarakhand 4G/5G Border & Island Connectivity (Pkg 14A),Telecom,Uttarakhand,HFCL,RailTel,Ministry of Communications,2019-02-23,1224.1,45.3,73.4,-28.1,1.733,18,0.919,0.818,22.2,0.61,0.579,27.0,57.9,0.39,0.0,348,critical,2,78.4,78.4,True,SYNTHETIC
SYN-HWAY-RAJ-PKG-15B,[SYNTHETIC] Rajasthan Economic Expressway Corridor (Pkg 15B),Highways,Rajasthan,L&T Construction,NHAI,Ministry of Road Transport and Highways,2019-02-23,3604.3,31.0,40.6,-9.6,1.197,2,0.301,0.208,70.4,1.35,0.796,39.4,69.7,0.479,0.0,79,moderate,1,79.0,79.0,True,SYNTHETIC
SYN-RLWY-CHA-PKG-16C,[SYNTHETIC] Chandigarh High-Speed Bullet Rail Viaduct (Pkg 16C),Railways,Chandigarh,Afcons Infrastructure,NHSRCL,Ministry of Railways,2019-02-24,4670.7,32.9,66.3,-33.4,1.772,18,0.261,0.34,46.3,0.5,0.834,45.5,57.1,0.367,0.0,389,critical,2,80.6,80.6,True,SYNTHETIC
SYN-POWR-AND-PKG-17D,[SYNTHETIC] Andaman & Nicobar 800kV HVDC Inter-Regional Dipole Line (Pkg 17D),Power,Andaman & Nicobar,BHEL,SJVN,Ministry of Power,2019-02-25,2875.0,30.7,27.6,3.1,1.045,0,0.718,0.868,94.6,2.06,0.759,15.7,68.5,0.457,0.0,3,on_track,0,98.0,98.0,True,SYNTHETIC
SYN-POWR-DEL-PKG-18E,[SYNTHETIC] Delhi 765kV Green Energy Transmission Link (Pkg 18E),Power,Delhi,L&T Power Transmission,NTPC,Ministry of Power,2019-03-01,5185.8,27.0,42.0,-15.0,1.239,18,0.259,0.395,57.6,1.21,0.776,18.0,57.7,0.302,0.0,123,high_risk,2,87.7,87.7,True,SYNTHETIC
SYN-WATR-BIH-PKG-19F,[SYNTHETIC] Bihar Inter-River Basin Transfer Aqueduct (Pkg 19F),Water,Bihar,Vishwa Infrastructures,NWDA,Ministry of Jal Shakti,2019-03-05,1618.2,68.6,66.8,1.8,0.965,2,0.273,0.848,91.5,1.53,0.639,35.6,70.6,0.247,0.0,20,on_track,0,97.9,97.9,True,SYNTHETIC
SYN-TELC-GUJ-PKG-20G,[SYNTHETIC] Gujarat 100Gbps DWDM National Backbone Link (Pkg 20G),Telecom,Gujarat,HFCL,RailTel,Ministry of Communications,2019-03-05,1309.4,32.4,38.9,-6.5,1.223,2,0.401,0.54,51.2,1.02,0.557,21.9,64.3,0.305,0.0,33,moderate,1,87.8,87.8,True,SYNTHETIC
SYN-HWAY-GOA-PKG-21H,[SYNTHETIC] Goa Greenfield Freight Motorway Section (Pkg 21H),Highways,Goa,Ashoka Buildcon,MoRTH,Ministry of Road Transport and Highways,2019-03-10,1982.3,85.2,88.7,-3.5,1.167,12,0.601,0.788,69.2,0.99,0.852,40.7,67.8,0.402,0.0,67,moderate,1,90.4,90.4,True,SYNTHETIC
SYN-HWAY-ODI-PKG-22A,[SYNTHETIC] Odisha Multi-Span Elevated Viaduct Stretch (Pkg 22A),Highways,Odisha,PNC Infratech,MoRTH,Ministry of Road Transport and Highways,2019-03-12,4799.6,70.9,77.0,-6.1,1.171,12,0.672,0.875,63.7,1.0,0.719,24.4,62.0,0.424,0.0,64,moderate,1,83.0,83.0,True,SYNTHETIC
SYN-POWR-TEL-PKG-23B,[SYNTHETIC] Telangana Ultra-Mega Solar Park Substation Grid (Pkg 23B),Power,Telangana,Sterlite Power,NEEPCO,Ministry of Power,2019-03-12,4991.8,37.6,49.3,-11.7,1.322,12,0.383,0.57,41.9,1.1,0.587,28.1,59.1,0.421,0.0,152,high_risk,2,76.4,76.4,True,SYNTHETIC
SYN-POWR-JAM-PKG-24C,[SYNTHETIC] Jammu & Kashmir Gas-Insulated GIS Substation Node (Pkg 24C),Power,Jammu & Kashmir,KEC International,SJVN,Ministry of Power,2019-03-16,3376.4,54.4,71.6,-17.2,1.348,6,0.944,0.719,40.5,0.88,0.7,23.9,66.1,0.259,0.0,93,high_risk,2,87.6,87.6,True,SYNTHETIC
SYN-URBN-ASS-PKG-25D,[SYNTHETIC] Assam Flyover Grade Separator Complex (Pkg 25D),Urban Development,Assam,J. Kumar Infraprojects,Smart City SPV,Ministry of Housing & Urban Affairs,2019-03-16,3571.5,51.4,67.1,-15.7,1.497,12,0.677,0.972,37.7,0.72,0.633,29.7,72.5,0.619,0.0,102,high_risk,2,86.6,86.6,True,SYNTHETIC
SYN-URBN-ODI-PKG-01E,[SYNTHETIC] Odisha Flyover Grade Separator Complex (Pkg 01E),Urban Development,Odisha,L&T Construction,UPMRC,Ministry of Housing & Urban Affairs,2019-03-18,3006.7,76.5,84.8,-8.3,1.187,2,0.643,0.855,54.5,1.15,0.541,41.7,66.5,0.506,0.0,70,moderate,1,81.4,81.4,True,SYNTHETIC
SYN-TELC-ARU-PKG-02F,[SYNTHETIC] Arunachal Pradesh Strategic Submarine OFC Coastal Terminal (Pkg 02F),Telecom,Arunachal Pradesh,Tejas Networks,RailTel,Ministry of Communications,2019-03-19,1951.1,41.0,68.6,-27.6,1.85,36,0.969,0.915,27.9,0.75,0.581,19.0,55.4,0.286,0.0,357,critical,2,94.1,94.1,True,SYNTHETIC
SYN-RLWY-RAJ-PKG-03G,[SYNTHETIC] Rajasthan High-Speed Bullet Rail Viaduct (Pkg 03G),Railways,Rajasthan,KEC International,RVNL,Ministry of Railways,2019-03-20,3344.0,73.7,73.5,0.2,0.991,0,0.334,0.167,89.9,1.39,0.827,62.5,68.7,0.427,0.0,9,on_track,0,89.3,89.3,True,SYNTHETIC
SYN-POWR-KAR-PKG-04H,[SYNTHETIC] Karnataka 765kV Green Energy Transmission Link (Pkg 04H),Power,Karnataka,L&T Power Transmission,NEEPCO,Ministry of Power,2019-03-24,3119.5,67.2,66.0,1.2,1.0,0,0.522,0.665,98.5,2.09,0.668,29.4,65.4,0.356,0.0,10,on_track,0,87.1,87.1,True,SYNTHETIC
SYN-POWR-WES-PKG-05A,[SYNTHETIC] West Bengal Run-of-River Hydroelectric Spillway (Pkg 05A),Power,West Bengal,Sterlite Power,NHPC,Ministry of Power,2019-03-25,5280.1,39.3,54.7,-15.4,1.255,12,0.473,0.856,40.6,0.86,0.681,17.2,63.2,0.385,0.0,103,high_risk,2,88.1,88.1,True,SYNTHETIC
SYN-WATR-JHA-PKG-06B,[SYNTHETIC] Jharkhand Jal Jeevan Mission Bulk Water Pipeline (Pkg 06B),Water,Jharkhand,Patel Engineering,State Water Resource Dept,Ministry of Jal Shakti,2019-03-30,3069.3,82.6,88.7,-6.1,1.193,12,0.713,0.581,75.8,1.44,0.657,35.3,65.0,0.305,0.0,41,moderate,1,79.8,79.8,True,SYNTHETIC
SYN-TELC-MEG-PKG-07C,[SYNTHETIC] Meghalaya BharatNet Phase-III Optical Fiber Grid (Pkg 07C),Telecom,Meghalaya,Tejas Networks,RailTel,Ministry of Communications,2019-04-03,3207.9,45.3,77.2,-31.9,1.598,24,0.783,0.984,24.1,0.57,0.453,26.4,69.8,0.407,0.0,529,critical,2,94.2,94.2,True,SYNTHETIC
SYN-TELC-TRI-PKG-08D,[SYNTHETIC] Tripura 100Gbps DWDM National Backbone Link (Pkg 08D),Telecom,Tripura,TCIL,BBNL (BharatNet),Ministry of Communications,2019-04-05,2781.8,57.1,69.1,-12.0,1.33,12,0.691,0.725,54.2,0.76,0.647,25.1,64.8,0.253,0.0,134,high_risk,2,82.9,82.9,True,SYNTHETIC
SYN-RLWY-KAR-PKG-09E,[SYNTHETIC] Karnataka Mountain Tunnel & Gauge Conversion (Pkg 09E),Railways,Karnataka,Tata Projects,DFCCIL,Ministry of Railways,2019-04-09,2252.5,24.4,55.5,-31.1,1.552,24,0.513,0.607,42.3,0.85,0.762,64.8,64.0,0.353,0.0,218,critical,2,78.1,78.1,True,SYNTHETIC
SYN-POWR-JAM-PKG-10F,[SYNTHETIC] Jammu & Kashmir Ultra-Mega Solar Park Substation Grid (Pkg 10F),Power,Jammu & Kashmir,L&T Power Transmission,NEEPCO,Ministry of Power,2019-04-16,1809.6,56.2,59.7,-3.5,1.226,2,0.933,0.691,77.8,0.98,0.508,24.4,73.9,0.39,0.0,43,moderate,1,90.4,90.4,True,SYNTHETIC
SYN-WATR-HIM-PKG-11G,[SYNTHETIC] Himachal Pradesh Urban Potable Water Treatment Plant (Pkg 11G),Water,Himachal Pradesh,NCC Limited,NWDA,Ministry of Jal Shakti,2019-04-25,5075.6,32.1,48.9,-16.8,1.367,12,0.856,0.737,46.8,0.82,0.739,46.1,56.2,0.327,0.0,154,high_risk,2,77.5,77.5,True,SYNTHETIC
SYN-URBN-PUN-PKG-12H,[SYNTHETIC] Punjab Smart City Integrated Command Centre (Pkg 12H),Urban Development,Punjab,Reliance Infra - Astaldi JV,UPMRC,Ministry of Housing & Urban Affairs,2019-04-28,3845.5,61.3,72.0,-10.7,1.243,6,0.192,0.327,57.9,0.87,0.622,38.4,61.9,0.634,0.0,169,high_risk,2,91.2,91.2,True,SYNTHETIC
SYN-TELC-MIZ-PKG-13A,[SYNTHETIC] Mizoram Strategic Submarine OFC Coastal Terminal (Pkg 13A),Telecom,Mizoram,TCIL,USOF (DoT),Ministry of Communications,2019-04-28,931.8,57.8,71.6,-13.8,1.303,6,0.802,0.717,63.4,1.06,0.535,26.7,63.4,0.311,0.0,93,high_risk,2,83.2,83.2,True,SYNTHETIC
SYN-TELC-UTT-PKG-14B,[SYNTHETIC] Uttarakhand 100Gbps DWDM National Backbone Link (Pkg 14B),Telecom,Uttarakhand,ITI Limited,TCIL,Ministry of Communications,2019-05-02,1257.7,23.0,37.7,-14.7,1.639,6,0.953,0.814,53.4,1.1,0.593,22.2,58.8,0.223,0.0,166,high_risk,2,76.9,76.9,True,SYNTHETIC
SYN-RLWY-GOA-PKG-15C,[SYNTHETIC] Goa Dedicated Freight Corridor Section (Pkg 15C),Railways,Goa,Tata Projects,RVNL,Ministry of Railways,2019-05-18,3575.8,46.5,52.1,-5.6,1.177,2,0.592,0.793,51.0,1.5,0.777,60.9,66.5,0.42,0.0,37,moderate,1,85.8,85.8,True,SYNTHETIC
SYN-POWR-BIH-PKG-16D,[SYNTHETIC] Bihar Run-of-River Hydroelectric Spillway (Pkg 16D),Power,Bihar,L&T Power Transmission,NHPC,Ministry of Power,2019-05-22,788.6,46.5,44.6,1.9,1.02,2,0.305,0.864,98.8,1.68,0.701,28.2,62.5,0.312,0.0,18,on_track,0,97.6,97.6,True,SYNTHETIC
SYN-POWR-UTT-PKG-17E,[SYNTHETIC] Uttar Pradesh Ultra-Mega Solar Park Substation Grid (Pkg 17E),Power,Uttar Pradesh,L&T Power Transmission,NHPC,Ministry of Power,2019-05-26,2255.2,34.3,49.7,-15.4,1.446,12,0.206,0.554,62.6,1.11,0.694,29.1,72.2,0.373,0.0,175,high_risk,2,75.2,75.2,True,SYNTHETIC
SYN-WATR-MAH-PKG-18F,[SYNTHETIC] Maharashtra Urban Potable Water Treatment Plant (Pkg 18F),Water,Maharashtra,NCC Limited,PPA / CWC,Ministry of Jal Shakti,2019-05-31,5084.1,49.7,53.8,-4.1,1.055,2,0.501,0.805,57.9,1.21,0.668,33.6,59.1,0.345,0.0,33,moderate,1,81.4,81.4,True,SYNTHETIC
SYN-TELC-RAJ-PKG-19G,[SYNTHETIC] Rajasthan 4G/5G Border & Island Connectivity (Pkg 19G),Telecom,Rajasthan,L&T Technology Services,TCIL,Ministry of Communications,2019-06-04,1685.7,51.2,49.7,1.5,1.035,2,0.255,0.228,84.5,2.13,0.472,24.7,69.6,0.245,0.0,21,on_track,0,94.5,94.5,True,SYNTHETIC
SYN-HWAY-RAJ-PKG-20H,[SYNTHETIC] Rajasthan Multi-Span Elevated Viaduct Stretch (Pkg 20H),Highways,Rajasthan,Dilip Buildcon Ltd.,State PWD Highways,Ministry of Road Transport and Highways,2019-06-04,3420.4,39.3,37.5,1.8,0.989,2,0.337,0.212,96.6,2.22,0.61,34.3,57.3,0.47,0.0,17,on_track,0,95.0,95.0,True,SYNTHETIC
SYN-HWAY-AND-PKG-21A,[SYNTHETIC] Andhra Pradesh Greenfield Freight Motorway Section (Pkg 21A),Highways,Andhra Pradesh,KNR Constructions,BRO,Ministry of Road Transport and Highways,2019-06-11,4513.1,56.7,80.1,-23.4,1.528,18,0.427,0.766,34.0,0.88,0.752,30.7,70.7,0.456,0.0,382,critical,2,87.2,87.2,True,SYNTHETIC
SYN-RLWY-JHA-PKG-22B,[SYNTHETIC] Jharkhand Double Track Electrification Package (Pkg 22B),Railways,Jharkhand,KEC International,IRCON,Ministry of Railways,2019-06-18,1340.1,55.7,52.1,3.6,1.086,0,0.649,0.577,80.5,1.76,0.822,59.6,61.6,0.447,0.0,19,on_track,0,84.5,84.5,True,SYNTHETIC
SYN-POWR-JHA-PKG-23C,[SYNTHETIC] Jharkhand Run-of-River Hydroelectric Spillway (Pkg 23C),Power,Jharkhand,BHEL,NHPC,Ministry of Power,2019-06-20,2309.8,61.9,58.5,3.4,1.015,0,0.621,0.543,89.3,1.72,0.677,30.1,72.9,0.381,0.0,9,on_track,0,89.3,89.3,True,SYNTHETIC
SYN-WATR-GUJ-PKG-24D,[SYNTHETIC] Gujarat Urban Potable Water Treatment Plant (Pkg 24D),Water,Gujarat,Vishwa Infrastructures,NWDA,Ministry of Jal Shakti,2019-06-23,3665.3,70.9,76.9,-6.0,1.255,2,0.411,0.548,56.8,1.45,0.576,51.3,55.9,0.299,0.0,79,moderate,1,81.5,81.5,True,SYNTHETIC
SYN-TELC-ASS-PKG-25E,[SYNTHETIC] Assam High-Altitude Satellite Earth Ground Node (Pkg 25E),Telecom,Assam,TCIL,BSNL,Ministry of Communications,2019-07-06,3031.4,37.5,61.3,-23.8,1.613,36,0.678,0.959,19.9,0.68,0.575,23.4,71.1,0.263,0.0,403,critical,2,94.6,94.6,True,SYNTHETIC
SYN-TELC-LAK-PKG-01F,[SYNTHETIC] Lakshadweep 100Gbps DWDM National Backbone Link (Pkg 01F),Telecom,Lakshadweep,TCIL,TCIL,Ministry of Communications,2019-07-10,3412.6,49.2,57.9,-8.7,1.285,2,0.581,0.808,77.5,1.37,0.527,16.1,74.8,0.183,0.0,48,moderate,1,83.7,83.7,True,SYNTHETIC
SYN-HWAY-HAR-PKG-02G,[SYNTHETIC] Haryana Strategic Border Highway NH-Pass (Pkg 02G),Highways,Haryana,KNR Constructions,MoRTH,Ministry of Road Transport and Highways,2019-07-11,4034.7,38.2,54.9,-16.7,1.409,18,0.17,0.314,42.8,1.06,0.744,47.9,69.0,0.568,0.0,168,high_risk,2,83.7,83.7,True,SYNTHETIC
SYN-POWR-MIZ-PKG-03H,[SYNTHETIC] Mizoram 800kV HVDC Inter-Regional Dipole Line (Pkg 03H),Power,Mizoram,KEC International,NEEPCO,Ministry of Power,2019-07-12,1048.8,45.0,53.1,-8.1,1.141,6,0.868,0.866,61.7,1.31,0.659,24.5,63.8,0.412,0.0,74,moderate,1,90.1,90.1,True,SYNTHETIC
SYN-WATR-MIZ-PKG-04A,[SYNTHETIC] Mizoram Jal Jeevan Mission Bulk Water Pipeline (Pkg 04A),Water,Mizoram,NCC Limited,NWDA,Ministry of Jal Shakti,2019-07-15,1781.3,65.8,75.1,-9.3,1.139,6,0.862,0.775,75.4,1.15,0.714,34.0,63.9,0.296,0.0,37,moderate,1,85.4,85.4,True,SYNTHETIC
SYN-WATR-HIM-PKG-05B,[SYNTHETIC] Himachal Pradesh Inter-River Basin Transfer Aqueduct (Pkg 05B),Water,Himachal Pradesh,Vishwa Infrastructures,Jal Nigam,Ministry of Jal Shakti,2019-07-16,3346.6,52.0,65.0,-13.0,1.426,18,0.894,0.839,51.0,1.12,0.78,32.1,69.3,0.325,0.0,139,high_risk,2,84.7,84.7,True,SYNTHETIC
SYN-TELC-DAD-PKG-06C,[SYNTHETIC] Dadra & Nagar Haveli and Daman & Diu Strategic Submarine OFC Coastal Terminal (Pkg 06C),Telecom,Dadra & Nagar Haveli and Daman & Diu,L&T Technology Services,BBNL (BharatNet),Ministry of Communications,2019-07-17,2120.6,52.9,57.7,-4.8,1.236,2,0.341,0.682,65.9,1.22,0.477,26.8,65.8,0.178,0.0,69,moderate,1,93.5,93.5,True,SYNTHETIC
SYN-HWAY-JAM-PKG-07D,[SYNTHETIC] Jammu & Kashmir Multi-Span Elevated Viaduct Stretch (Pkg 07D),Highways,Jammu & Kashmir,KNR Constructions,MoRTH,Ministry of Road Transport and Highways,2019-07-18,613.4,46.0,62.7,-16.7,1.475,18,0.948,0.678,35.6,0.9,0.578,50.6,64.7,0.422,0.0,175,high_risk,2,89.0,89.0,True,SYNTHETIC
SYN-RLWY-MAD-PKG-08E,[SYNTHETIC] Madhya Pradesh Double Track Electrification Package (Pkg 08E),Railways,Madhya Pradesh,Tata Projects,Indian Railways,Ministry of Railways,2019-07-19,5028.6,72.3,74.3,-2.0,1.062,0,0.548,0.509,97.3,1.53,0.841,47.9,55.9,0.361,0.0,21,on_track,0,84.7,84.7,True,SYNTHETIC
SYN-RLWY-MAH-PKG-09F,[SYNTHETIC] Maharashtra Dedicated Freight Corridor Section (Pkg 09F),Railways,Maharashtra,L&T Construction,DFCCIL,Ministry of Railways,2019-07-20,3702.3,58.4,67.6,-9.2,1.124,2,0.538,0.699,53.5,1.35,0.888,59.4,73.2,0.447,0.0,56,moderate,1,90.6,90.6,True,SYNTHETIC
SYN-WATR-ODI-PKG-10G,[SYNTHETIC] Odisha Jal Jeevan Mission Bulk Water Pipeline (Pkg 10G),Water,Odisha,Megha Engineering (MEIL),NWDA,Ministry of Jal Shakti,2019-08-17,460.4,70.3,66.6,3.7,1.0,0,0.676,0.787,80.8,1.4,0.627,26.5,58.1,0.332,0.0,22,on_track,0,91.3,91.3,True,SYNTHETIC
SYN-WATR-PUD-PKG-11H,[SYNTHETIC] Puducherry Urban Potable Water Treatment Plant (Pkg 11H),Water,Puducherry,Patel Engineering,PPA / CWC,Ministry of Jal Shakti,2019-08-22,1677.8,18.7,35.6,-16.9,1.313,24,0.225,0.635,47.4,1.23,0.781,35.2,60.0,0.313,0.0,114,high_risk,2,80.8,80.8,True,SYNTHETIC
SYN-TELC-HAR-PKG-12A,[SYNTHETIC] Haryana 4G/5G Border & Island Connectivity (Pkg 12A),Telecom,Haryana,TCIL,TCIL,Ministry of Communications,2019-08-22,3469.8,43.5,60.1,-16.6,1.482,18,0.255,0.284,57.0,0.98,0.573,17.1,56.5,0.296,0.0,170,high_risk,2,75.3,75.3,True,SYNTHETIC
SYN-HWAY-AND-PKG-13B,[SYNTHETIC] Andhra Pradesh 4-Lane Ring Road Bypass (Pkg 13B),Highways,Andhra Pradesh,Tata Projects,NHIDCL,Ministry of Road Transport and Highways,2019-08-26,4879.4,50.8,81.2,-30.4,1.723,24,0.417,0.67,28.1,0.9,0.659,36.7,71.6,0.466,0.0,295,critical,2,90.6,90.6,True,SYNTHETIC
SYN-HWAY-ODI-PKG-14C,[SYNTHETIC] Odisha 4-Lane Ring Road Bypass (Pkg 14C),Highways,Odisha,KNR Constructions,NHIDCL,Ministry of Road Transport and Highways,2019-08-31,2625.9,65.9,70.9,-5.0,1.321,12,0.653,0.833,69.8,1.02,0.776,32.9,60.2,0.46,0.0,54,moderate,1,86.0,86.0,True,SYNTHETIC
SYN-RLWY-ASS-PKG-15D,[SYNTHETIC] Assam High-Speed Bullet Rail Viaduct (Pkg 15D),Railways,Assam,Afcons Infrastructure,RVNL,Ministry of Railways,2019-09-02,1174.5,42.9,53.7,-10.8,1.428,18,0.715,0.937,37.2,0.92,0.803,64.6,57.2,0.408,0.0,164,high_risk,2,90.4,90.4,True,SYNTHETIC
SYN-POWR-JHA-PKG-16E,[SYNTHETIC] Jharkhand 765kV Green Energy Transmission Link (Pkg 16E),Power,Jharkhand,Kalpataru Power Transmission,SJVN,Ministry of Power,2019-09-03,2565.4,54.9,62.8,-7.9,1.141,2,0.69,0.642,60.4,1.0,0.631,24.0,67.5,0.297,0.0,43,moderate,1,86.1,86.1,True,SYNTHETIC
SYN-WATR-GUJ-PKG-17F,[SYNTHETIC] Gujarat Jal Jeevan Mission Bulk Water Pipeline (Pkg 17F),Water,Gujarat,Patel Engineering,WAPCOS,Ministry of Jal Shakti,2019-09-05,3353.4,51.4,58.4,-7.0,1.257,2,0.389,0.544,76.3,1.22,0.678,42.3,69.1,0.298,0.0,36,moderate,1,85.9,85.9,True,SYNTHETIC
SYN-TELC-LAD-PKG-18G,[SYNTHETIC] Ladakh BharatNet Phase-III Optical Fiber Grid (Pkg 18G),Telecom,Ladakh,Sterlite Technologies,BBNL (BharatNet),Ministry of Communications,2019-09-06,4888.8,92.5,90.9,1.6,0.98,0,0.972,0.116,76.4,1.75,0.527,21.3,73.5,0.198,0.0,6,on_track,0,92.6,92.6,True,SYNTHETIC
SYN-HWAY-MAN-PKG-19H,[SYNTHETIC] Manipur Strategic Border Highway NH-Pass (Pkg 19H),Highways,Manipur,L&T Construction,State PWD Highways,Ministry of Road Transport and Highways,2019-09-07,871.7,50.5,66.8,-16.3,1.482,12,0.86,0.746,54.8,0.92,0.744,44.7,61.4,0.447,0.0,118,high_risk,2,76.9,76.9,True,SYNTHETIC
SYN-HWAY-TAM-PKG-20A,[SYNTHETIC] Tamil Nadu 4-Lane Ring Road Bypass (Pkg 20A),Highways,Tamil Nadu,L&T Construction,MoRTH,Ministry of Road Transport and Highways,2019-09-10,2623.9,28.2,30.4,-2.2,0.982,0,0.439,0.623,76.1,1.6,0.801,35.0,59.4,0.483,0.0,9,on_track,0,92.0,92.0,True,SYNTHETIC
SYN-POWR-CHA-PKG-21B,[SYNTHETIC] Chandigarh 800kV HVDC Inter-Regional Dipole Line (Pkg 21B),Power,Chandigarh,Tata Power,POWERGRID,Ministry of Power,2019-09-12,1376.7,45.2,55.2,-10.0,1.157,2,0.236,0.279,70.9,1.24,0.725,30.1,71.7,0.39,0.0,42,moderate,1,84.6,84.6,True,SYNTHETIC
SYN-WATR-AND-PKG-22C,[SYNTHETIC] Andhra Pradesh Multi-Purpose Barrage & Canal Network (Pkg 22C),Water,Andhra Pradesh,NCC Limited,NWDA,Ministry of Jal Shakti,2019-09-13,2452.2,87.9,86.0,1.9,0.967,2,0.415,0.64,83.0,1.56,0.645,52.8,73.1,0.336,0.0,11,on_track,0,97.4,97.4,True,SYNTHETIC
SYN-URBN-HAR-PKG-23D,[SYNTHETIC] Haryana Flyover Grade Separator Complex (Pkg 23D),Urban Development,Haryana,Afcons Infrastructure,Maha Metro,Ministry of Housing & Urban Affairs,2019-09-22,342.1,82.0,87.4,-5.4,1.278,2,0.216,0.246,52.5,1.2,0.606,33.7,63.1,0.528,0.0,45,moderate,1,87.0,87.0,True,SYNTHETIC
SYN-TELC-CHH-PKG-24E,[SYNTHETIC] Chhattisgarh High-Altitude Satellite Earth Ground Node (Pkg 24E),Telecom,Chhattisgarh,HFCL,BSNL,Ministry of Communications,2019-09-27,1415.2,42.3,47.3,-5.0,1.158,6,0.604,0.632,51.1,1.36,0.651,15.1,57.0,0.322,0.0,62,moderate,1,92.2,92.2,True,SYNTHETIC
SYN-HWAY-MAH-PKG-25F,[SYNTHETIC] Maharashtra 4-Lane Ring Road Bypass (Pkg 25F),Highways,Maharashtra,L&T Construction,NHIDCL,Ministry of Road Transport and Highways,2019-09-28,5303.0,79.8,79.4,0.4,1.022,0,0.53,0.776,75.8,2.24,0.726,52.1,71.1,0.393,0.0,19,on_track,0,91.7,91.7,True,SYNTHETIC
SYN-HWAY-JAM-PKG-01G,[SYNTHETIC] Jammu & Kashmir Greenfield Freight Motorway Section (Pkg 01G),Highways,Jammu & Kashmir,Tata Projects,BRO,Ministry of Road Transport and Highways,2019-10-02,3594.4,40.0,56.0,-16.0,1.227,18,0.952,0.602,49.5,0.77,0.702,33.6,65.6,0.471,0.0,93,high_risk,2,89.5,89.5,True,SYNTHETIC
SYN-RLWY-MEG-PKG-02H,[SYNTHETIC] Meghalaya Multi-Modal Terminal Railway Yard (Pkg 02H),Railways,Meghalaya,Kalpataru Projects,NHSRCL,Ministry of Railways,2019-10-06,3624.7,42.2,45.7,-3.5,1.189,2,0.809,0.99,71.0,1.3,0.806,51.6,74.1,0.393,0.0,71,moderate,1,83.4,83.4,True,SYNTHETIC
SYN-POWR-KAR-PKG-03A,[SYNTHETIC] Karnataka 800kV HVDC Inter-Regional Dipole Line (Pkg 03A),Power,Karnataka,Sterlite Power,SJVN,Ministry of Power,2019-10-08,4519.2,52.6,67.9,-15.3,1.453,24,0.554,0.62,54.1,0.81,0.653,32.0,66.2,0.389,0.0,113,high_risk,2,75.3,75.3,True,SYNTHETIC
SYN-WATR-KER-PKG-04B,[SYNTHETIC] Kerala Jal Jeevan Mission Bulk Water Pipeline (Pkg 04B),Water,Kerala,GVPR Engineers,State Water Resource Dept,Ministry of Jal Shakti,2019-10-13,3978.3,41.2,57.7,-16.5,1.415,12,0.683,0.912,40.0,1.03,0.576,50.0,67.0,0.342,0.0,142,high_risk,2,75.6,75.6,True,SYNTHETIC
SYN-TELC-HIM-PKG-05C,[SYNTHETIC] Himachal Pradesh High-Altitude Satellite Earth Ground Node (Pkg 05C),Telecom,Himachal Pradesh,TCIL,RailTel,Ministry of Communications,2019-10-15,4348.2,40.0,47.4,-7.4,1.211,12,0.869,0.818,70.7,1.05,0.556,12.2,72.0,0.228,0.0,59,moderate,1,80.6,80.6,True,SYNTHETIC
SYN-HWAY-AND-PKG-06D,[SYNTHETIC] Andhra Pradesh Greenfield Freight Motorway Section (Pkg 06D),Highways,Andhra Pradesh,L&T Construction,MoRTH,Ministry of Road Transport and Highways,2019-10-26,2571.6,58.7,57.1,1.6,0.942,0,0.449,0.681,77.3,1.56,0.753,32.3,59.9,0.358,0.0,11,on_track,0,94.5,94.5,True,SYNTHETIC
SYN-RLWY-CHH-PKG-07E,[SYNTHETIC] Chhattisgarh Dedicated Freight Corridor Section (Pkg 07E),Railways,Chhattisgarh,Kalpataru Projects,RVNL,Ministry of Railways,2019-10-26,2020.2,91.9,88.6,3.3,1.002,0,0.613,0.614,99.1,2.12,0.814,53.0,64.6,0.381,0.0,16,on_track,0,89.4,89.4,True,SYNTHETIC
SYN-RLWY-KAR-PKG-08F,[SYNTHETIC] Karnataka High-Speed Bullet Rail Viaduct (Pkg 08F),Railways,Karnataka,Tata Projects,DFCCIL,Ministry of Railways,2019-11-01,2841.4,40.2,56.9,-16.7,1.406,18,0.553,0.624,58.3,0.77,0.697,32.8,63.5,0.407,0.0,179,high_risk,2,89.6,89.6,True,SYNTHETIC
SYN-POWR-PUN-PKG-09G,[SYNTHETIC] Punjab Ultra-Mega Solar Park Substation Grid (Pkg 09G),Power,Punjab,L&T Power Transmission,NTPC,Ministry of Power,2019-11-03,5010.3,71.4,73.1,-1.7,1.048,0,0.23,0.328,90.0,1.88,0.614,24.6,58.4,0.392,0.0,25,on_track,0,95.2,95.2,True,SYNTHETIC
SYN-WATR-LAD-PKG-10H,[SYNTHETIC] Ladakh Lift Irrigation Distribution System (Pkg 10H),Water,Ladakh,NCC Limited,State Water Resource Dept,Ministry of Jal Shakti,2019-11-12,4842.0,41.8,67.6,-25.8,1.652,24,0.973,0.148,42.1,0.8,0.671,45.3,69.5,0.408,0.0,207,critical,2,91.1,91.1,True,SYNTHETIC
SYN-URBN-PUD-PKG-11A,[SYNTHETIC] Puducherry Underground Metro Boring & Station Pkg (Pkg 11A),Urban Development,Puducherry,L&T Construction,BMRCL,Ministry of Housing & Urban Affairs,2019-11-24,4419.8,23.3,49.9,-26.6,1.789,36,0.305,0.65,35.2,0.62,0.562,20.6,56.6,0.518,0.0,264,critical,2,82.3,82.3,True,SYNTHETIC
SYN-TELC-MAH-PKG-12B,[SYNTHETIC] Maharashtra High-Altitude Satellite Earth Ground Node (Pkg 12B),Telecom,Maharashtra,L&T Technology Services,BBNL (BharatNet),Ministry of Communications,2019-11-25,5129.2,36.6,58.6,-22.0,1.902,18,0.532,0.762,44.1,0.56,0.577,27.9,62.0,0.268,0.0,424,critical,2,85.9,85.9,True,SYNTHETIC
SYN-RLWY-ASS-PKG-13C,[SYNTHETIC] Assam Mountain Tunnel & Gauge Conversion (Pkg 13C),Railways,Assam,Afcons Infrastructure,IRCON,Ministry of Railways,2019-11-28,2930.6,22.6,32.1,-9.5,1.172,6,0.75,0.979,68.1,1.18,0.779,64.1,62.1,0.346,0.0,65,moderate,1,78.8,78.8,True,SYNTHETIC
SYN-POWR-JHA-PKG-14D,[SYNTHETIC] Jharkhand 765kV Green Energy Transmission Link (Pkg 14D),Power,Jharkhand,Tata Power,NEEPCO,Ministry of Power,2019-12-22,4737.7,42.4,48.9,-6.5,1.169,6,0.655,0.579,59.2,1.07,0.596,20.3,63.7,0.367,0.0,80,moderate,1,91.4,91.4,True,SYNTHETIC
SYN-POWR-PUN-PKG-15E,[SYNTHETIC] Punjab 765kV Green Energy Transmission Link (Pkg 15E),Power,Punjab,Tata Power,NTPC,Ministry of Power,2019-12-29,5291.5,43.5,41.2,2.3,0.982,0,0.223,0.296,77.5,2.2,0.765,23.1,72.6,0.32,0.0,10,on_track,0,90.0,90.0,True,SYNTHETIC
SYN-WATR-TAM-PKG-16F,[SYNTHETIC] Tamil Nadu Inter-River Basin Transfer Aqueduct (Pkg 16F),Water,Tamil Nadu,Megha Engineering (MEIL),State Water Resource Dept,Ministry of Jal Shakti,2019-12-31,305.1,51.0,51.4,-0.4,0.944,2,0.407,0.57,89.8,1.55,0.672,47.7,70.2,0.244,0.0,17,on_track,0,84.4,84.4,True,SYNTHETIC
SYN-URBN-CHA-PKG-17G,[SYNTHETIC] Chandigarh Underground Metro Boring & Station Pkg (Pkg 17G),Urban Development,Chandigarh,Reliance Infra - Astaldi JV,MMRDA,Ministry of Housing & Urban Affairs,2020-01-05,2088.6,74.2,82.1,-7.9,1.113,6,0.25,0.308,63.7,1.42,0.669,39.0,61.7,0.592,0.0,37,moderate,1,78.5,78.5,True,SYNTHETIC
SYN-TELC-GUJ-PKG-18H,[SYNTHETIC] Gujarat 100Gbps DWDM National Backbone Link (Pkg 18H),Telecom,Gujarat,ITI Limited,BSNL,Ministry of Communications,2020-01-06,4928.7,56.1,70.8,-14.7,1.345,12,0.364,0.574,47.3,0.73,0.38,23.5,59.6,0.335,0.0,155,high_risk,2,88.3,88.3,True,SYNTHETIC
SYN-HWAY-JAM-PKG-19A,[SYNTHETIC] Jammu & Kashmir Strategic Border Highway NH-Pass (Pkg 19A),Highways,Jammu & Kashmir,KNR Constructions,MoRTH,Ministry of Road Transport and Highways,2020-01-07,3018.2,14.0,43.3,-29.3,1.96,18,0.904,0.561,40.3,0.79,0.691,32.7,69.6,0.442,0.0,395,critical,2,89.4,89.4,True,SYNTHETIC
SYN-POWR-ARU-PKG-20B,[SYNTHETIC] Arunachal Pradesh 765kV Green Energy Transmission Link (Pkg 20B),Power,Arunachal Pradesh,BHEL,NEEPCO,Ministry of Power,2020-01-10,2407.7,94.6,92.0,2.6,1.011,2,0.958,0.816,86.5,1.97,0.598,33.0,65.3,0.309,0.0,19,on_track,0,84.0,84.0,True,SYNTHETIC
SYN-WATR-RAJ-PKG-21C,[SYNTHETIC] Rajasthan Inter-River Basin Transfer Aqueduct (Pkg 21C),Water,Rajasthan,NCC Limited,Jal Nigam,Ministry of Jal Shakti,2020-01-14,3308.5,62.3,64.0,-1.7,0.986,0,0.324,0.21,79.0,1.36,0.624,32.2,59.8,0.26,0.0,0,on_track,0,92.5,92.5,True,SYNTHETIC
SYN-URBN-WES-PKG-22D,[SYNTHETIC] West Bengal Smart City Integrated Command Centre (Pkg 22D),Urban Development,West Bengal,L&T Construction,Maha Metro,Ministry of Housing & Urban Affairs,2020-01-27,1079.0,77.9,86.6,-8.7,1.1,2,0.357,0.793,75.3,1.01,0.613,29.5,63.0,0.501,0.0,66,moderate,1,90.3,90.3,True,SYNTHETIC
SYN-URBN-GUJ-PKG-23E,[SYNTHETIC] Gujarat Multi-Modal Transit Terminal Hub (Pkg 23E),Urban Development,Gujarat,ITD Cementation,UPMRC,Ministry of Housing & Urban Affairs,2020-02-11,2561.9,15.7,40.3,-24.6,1.628,36,0.341,0.598,25.3,0.84,0.64,20.5,73.2,0.635,0.0,201,critical,2,76.8,76.8,True,SYNTHETIC
SYN-HWAY-GUJ-PKG-24F,[SYNTHETIC] Gujarat Greenfield Freight Motorway Section (Pkg 24F),Highways,Gujarat,IRB Infrastructure,BRO,Ministry of Road Transport and Highways,2020-03-04,3150.2,57.7,62.2,-4.5,1.224,2,0.352,0.518,76.4,1.24,0.593,34.2,72.7,0.419,0.0,59,moderate,1,85.0,85.0,True,SYNTHETIC
SYN-HWAY-HAR-PKG-25G,[SYNTHETIC] Haryana Greenfield Freight Motorway Section (Pkg 25G),Highways,Haryana,Tata Projects,NHIDCL,Ministry of Road Transport and Highways,2020-03-12,4891.2,44.8,52.4,-7.6,1.105,6,0.259,0.259,56.7,1.53,0.63,38.2,71.0,0.507,0.0,89,moderate,1,90.6,90.6,True,SYNTHETIC
SYN-POWR-TAM-PKG-01H,[SYNTHETIC] Tamil Nadu 765kV Green Energy Transmission Link (Pkg 01H),Power,Tamil Nadu,Sterlite Power,POWERGRID,Ministry of Power,2020-03-12,4977.3,50.6,61.8,-11.2,1.299,12,0.391,0.58,60.6,0.93,0.606,23.9,66.7,0.382,0.0,125,high_risk,2,77.3,77.3,True,SYNTHETIC
SYN-WATR-KER-PKG-02A,[SYNTHETIC] Kerala Lift Irrigation Distribution System (Pkg 02A),Water,Kerala,Megha Engineering (MEIL),State Water Resource Dept,Ministry of Jal Shakti,2020-03-17,2950.9,81.6,85.9,-4.3,1.18,6,0.648,0.897,53.3,1.04,0.678,28.9,61.2,0.316,0.0,37,moderate,1,93.1,93.1,True,SYNTHETIC
SYN-WATR-AND-PKG-03B,[SYNTHETIC] Andaman & Nicobar Multi-Purpose Barrage & Canal Network (Pkg 03B),Water,Andaman & Nicobar,Vishwa Infrastructures,PPA / CWC,Ministry of Jal Shakti,2020-03-20,1553.6,72.4,77.3,-4.9,1.22,2,0.737,0.877,50.9,1.45,0.673,46.3,62.2,0.289,0.0,46,moderate,1,79.7,79.7,True,SYNTHETIC
SYN-TELC-WES-PKG-04C,[SYNTHETIC] West Bengal High-Altitude Satellite Earth Ground Node (Pkg 04C),Telecom,West Bengal,HFCL,BSNL,Ministry of Communications,2020-03-20,2964.2,13.8,40.7,-26.9,1.586,18,0.392,0.78,24.0,0.78,0.546,13.7,61.2,0.177,0.0,369,critical,2,78.0,78.0,True,SYNTHETIC
SYN-TELC-PUN-PKG-05D,[SYNTHETIC] Punjab High-Altitude Satellite Earth Ground Node (Pkg 05D),Telecom,Punjab,HFCL,TCIL,Ministry of Communications,2020-03-30,442.6,51.4,55.6,-4.2,1.204,2,0.243,0.338,61.7,1.02,0.531,12.5,74.6,0.274,0.0,60,moderate,1,86.7,86.7,True,SYNTHETIC
SYN-HWAY-PUN-PKG-06E,[SYNTHETIC] Punjab Multi-Span Elevated Viaduct Stretch (Pkg 06E),Highways,Punjab,Tata Projects,NHAI,Ministry of Road Transport and Highways,2020-04-02,1889.9,38.8,57.5,-18.7,1.398,12,0.237,0.331,46.1,1.13,0.825,49.8,64.7,0.564,0.0,118,high_risk,2,84.0,84.0,True,SYNTHETIC
SYN-POWR-CHH-PKG-07F,[SYNTHETIC] Chhattisgarh 800kV HVDC Inter-Regional Dipole Line (Pkg 07F),Power,Chhattisgarh,Kalpataru Power Transmission,NHPC,Ministry of Power,2020-04-08,3879.0,79.2,89.3,-10.1,1.123,2,0.626,0.598,50.7,1.19,0.657,32.5,73.2,0.326,0.0,76,moderate,1,87.0,87.0,True,SYNTHETIC
SYN-WATR-BIH-PKG-08G,[SYNTHETIC] Bihar Inter-River Basin Transfer Aqueduct (Pkg 08G),Water,Bihar,Patel Engineering,WAPCOS,Ministry of Jal Shakti,2020-04-12,1501.2,42.4,41.2,1.2,1.029,0,0.279,0.901,91.6,2.21,0.676,46.3,57.6,0.313,0.0,17,on_track,0,85.1,85.1,True,SYNTHETIC
SYN-URBN-TAM-PKG-09H,[SYNTHETIC] Tamil Nadu Underground Metro Boring & Station Pkg (Pkg 09H),Urban Development,Tamil Nadu,L&T Construction,DMRC,Ministry of Housing & Urban Affairs,2020-04-17,3948.0,50.2,49.2,1.0,0.951,2,0.446,0.568,77.7,1.57,0.596,28.8,66.1,0.636,0.0,9,on_track,0,96.8,96.8,True,SYNTHETIC
SYN-URBN-AND-PKG-10A,[SYNTHETIC] Andhra Pradesh Underground Metro Boring & Station Pkg (Pkg 10A),Urban Development,Andhra Pradesh,Tata Projects,Smart City SPV,Ministry of Housing & Urban Affairs,2020-04-19,1603.2,30.5,38.4,-7.9,1.224,12,0.427,0.667,75.4,1.15,0.524,18.5,58.7,0.639,0.0,71,moderate,1,90.6,90.6,True,SYNTHETIC
SYN-TELC-RAJ-PKG-11B,[SYNTHETIC] Rajasthan Strategic Submarine OFC Coastal Terminal (Pkg 11B),Telecom,Rajasthan,Tejas Networks,USOF (DoT),Ministry of Communications,2020-04-21,4448.5,27.8,47.8,-20.0,1.478,24,0.357,0.242,63.1,0.86,0.633,14.9,56.4,0.282,0.0,160,high_risk,2,81.0,81.0,True,SYNTHETIC
SYN-HWAY-UTT-PKG-12C,[SYNTHETIC] Uttar Pradesh 4-Lane Ring Road Bypass (Pkg 12C),Highways,Uttar Pradesh,PNC Infratech,NHAI,Ministry of Road Transport and Highways,2020-04-23,2027.3,20.0,51.7,-31.7,1.857,18,0.259,0.58,22.4,0.86,0.715,36.3,67.3,0.452,0.0,493,critical,2,82.8,82.8,True,SYNTHETIC
SYN-RLWY-UTT-PKG-13D,[SYNTHETIC] Uttar Pradesh Mountain Tunnel & Gauge Conversion (Pkg 13D),Railways,Uttar Pradesh,Ircon International,IRCON,Ministry of Railways,2020-04-30,5026.3,50.3,64.9,-14.6,1.454,18,0.227,0.554,40.2,1.11,0.827,59.1,63.4,0.387,0.0,109,high_risk,2,76.3,76.3,True,SYNTHETIC
SYN-POWR-LAK-PKG-14E,[SYNTHETIC] Lakshadweep 800kV HVDC Inter-Regional Dipole Line (Pkg 14E),Power,Lakshadweep,L&T Power Transmission,NTPC,Ministry of Power,2020-05-07,2175.6,62.6,72.8,-10.2,1.106,2,0.602,0.832,68.4,1.32,0.598,24.9,64.8,0.343,0.0,31,moderate,1,82.6,82.6,True,SYNTHETIC
SYN-WATR-AND-PKG-15F,[SYNTHETIC] Andaman & Nicobar Multi-Purpose Barrage & Canal Network (Pkg 15F),Water,Andaman & Nicobar,Larsen & Toubro Water,Jal Nigam,Ministry of Jal Shakti,2020-05-10,4698.1,28.6,26.6,2.0,1.059,2,0.721,0.87,77.5,1.47,0.622,56.6,61.5,0.278,0.0,3,on_track,0,90.0,90.0,True,SYNTHETIC
SYN-URBN-PUD-PKG-16G,[SYNTHETIC] Puducherry Smart City Integrated Command Centre (Pkg 16G),Urban Development,Puducherry,Tata Projects,Smart City SPV,Ministry of Housing & Urban Affairs,2020-05-18,3306.3,74.1,73.9,0.2,1.014,0,0.288,0.546,79.2,2.06,0.541,42.1,59.8,0.577,0.0,25,on_track,0,84.3,84.3,True,SYNTHETIC
SYN-HWAY-MAD-PKG-17H,[SYNTHETIC] Madhya Pradesh Multi-Span Elevated Viaduct Stretch (Pkg 17H),Highways,Madhya Pradesh,KNR Constructions,MoRTH,Ministry of Road Transport and Highways,2020-05-26,1865.4,30.0,48.2,-18.2,1.352,18,0.534,0.569,43.5,1.25,0.666,36.3,65.3,0.412,0.0,148,high_risk,2,79.3,79.3,True,SYNTHETIC
SYN-RLWY-KER-PKG-18A,[SYNTHETIC] Kerala High-Speed Bullet Rail Viaduct (Pkg 18A),Railways,Kerala,Kalpataru Projects,IRCON,Ministry of Railways,2020-06-07,974.6,66.0,69.3,-3.3,1.16,2,0.616,0.886,70.9,1.08,0.81,33.8,68.7,0.291,0.0,88,moderate,1,90.5,90.5,True,SYNTHETIC
SYN-RLWY-MAH-PKG-19B,[SYNTHETIC] Maharashtra Mountain Tunnel & Gauge Conversion (Pkg 19B),Railways,Maharashtra,Afcons Infrastructure,Indian Railways,Ministry of Railways,2020-06-08,468.9,81.3,79.0,2.3,0.968,0,0.576,0.811,78.7,1.64,0.782,43.6,65.1,0.385,0.0,25,on_track,0,86.7,86.7,True,SYNTHETIC
SYN-WATR-CHH-PKG-20C,[SYNTHETIC] Chhattisgarh Multi-Purpose Barrage & Canal Network (Pkg 20C),Water,Chhattisgarh,Vishwa Infrastructures,State Water Resource Dept,Ministry of Jal Shakti,2020-06-18,4572.6,86.5,86.2,0.3,1.039,0,0.595,0.581,92.0,2.18,0.628,48.2,58.8,0.267,0.0,20,on_track,0,86.0,86.0,True,SYNTHETIC
SYN-URBN-AND-PKG-21D,[SYNTHETIC] Andhra Pradesh Multi-Modal Transit Terminal Hub (Pkg 21D),Urban Development,Andhra Pradesh,Reliance Infra - Astaldi JV,MMRDA,Ministry of Housing & Urban Affairs,2020-06-24,1701.2,51.6,52.4,-0.8,1.023,0,0.338,0.666,86.6,2.05,0.555,24.7,72.7,0.543,0.0,15,on_track,0,97.9,97.9,True,SYNTHETIC
SYN-TELC-AND-PKG-22E,[SYNTHETIC] Andaman & Nicobar 4G/5G Border & Island Connectivity (Pkg 22E),Telecom,Andaman & Nicobar,HFCL,BBNL (BharatNet),Ministry of Communications,2020-07-13,5214.2,35.5,36.4,-0.9,1.035,0,0.691,0.779,90.7,1.8,0.597,23.8,55.6,0.299,0.0,10,on_track,0,86.6,86.6,True,SYNTHETIC
SYN-HWAY-KER-PKG-23F,[SYNTHETIC] Kerala 4-Lane Ring Road Bypass (Pkg 23F),Highways,Kerala,Dilip Buildcon Ltd.,NHAI,Ministry of Road Transport and Highways,2020-07-20,3324.8,61.2,78.9,-17.7,1.418,18,0.688,0.841,45.1,1.17,0.782,41.5,59.7,0.431,0.0,98,high_risk,2,83.2,83.2,True,SYNTHETIC
SYN-RLWY-TAM-PKG-24G,[SYNTHETIC] Tamil Nadu Mountain Tunnel & Gauge Conversion (Pkg 24G),Railways,Tamil Nadu,Afcons Infrastructure,IRCON,Ministry of Railways,2020-07-20,3432.5,30.0,46.8,-16.8,1.417,6,0.39,0.608,53.8,0.75,0.798,27.9,55.8,0.359,0.0,101,high_risk,2,86.1,86.1,True,SYNTHETIC
SYN-RLWY-TAM-PKG-25H,[SYNTHETIC] Tamil Nadu Double Track Electrification Package (Pkg 25H),Railways,Tamil Nadu,Ircon International,RVNL,Ministry of Railways,2020-08-31,1798.7,47.0,53.0,-6.0,1.212,6,0.396,0.687,50.2,1.34,0.836,29.6,62.9,0.409,0.0,75,moderate,1,81.6,81.6,True,SYNTHETIC
SYN-POWR-PUD-PKG-01A,[SYNTHETIC] Puducherry 800kV HVDC Inter-Regional Dipole Line (Pkg 01A),Power,Puducherry,KEC International,SJVN,Ministry of Power,2020-09-01,2874.5,27.1,28.1,-1.0,0.934,0,0.284,0.582,90.4,2.02,0.618,31.4,59.0,0.26,0.0,18,on_track,0,96.7,96.7,True,SYNTHETIC
SYN-WATR-MAD-PKG-02B,[SYNTHETIC] Madhya Pradesh Multi-Purpose Barrage & Canal Network (Pkg 02B),Water,Madhya Pradesh,GVPR Engineers,Jal Nigam,Ministry of Jal Shakti,2020-09-04,2132.9,28.8,28.5,0.3,0.922,0,0.479,0.531,98.4,2.25,0.756,52.9,69.3,0.331,0.0,18,on_track,0,86.9,86.9,True,SYNTHETIC
SYN-TELC-MAD-PKG-03C,[SYNTHETIC] Madhya Pradesh Strategic Submarine OFC Coastal Terminal (Pkg 03C),Telecom,Madhya Pradesh,L&T Technology Services,TCIL,Ministry of Communications,2020-09-23,3040.8,63.9,73.1,-9.2,1.283,12,0.491,0.547,75.8,1.12,0.593,15.9,72.3,0.276,0.0,74,moderate,1,81.4,81.4,True,SYNTHETIC
SYN-HWAY-UTT-PKG-04D,[SYNTHETIC] Uttar Pradesh Economic Expressway Corridor (Pkg 04D),Highways,Uttar Pradesh,Tata Projects,MoRTH,Ministry of Road Transport and Highways,2020-09-26,3284.4,64.5,81.2,-16.7,1.358,6,0.298,0.525,50.9,1.2,0.714,49.9,62.6,0.405,0.0,109,high_risk,2,83.0,83.0,True,SYNTHETIC
SYN-RLWY-KAR-PKG-05E,[SYNTHETIC] Karnataka Mountain Tunnel & Gauge Conversion (Pkg 05E),Railways,Karnataka,Afcons Infrastructure,IRCON,Ministry of Railways,2020-11-01,2634.9,88.2,84.7,3.5,1.001,0,0.505,0.76,95.3,2.18,0.733,44.8,73.9,0.398,0.0,6,on_track,0,87.3,87.3,True,SYNTHETIC
SYN-RLWY-MAH-PKG-06F,[SYNTHETIC] Maharashtra Multi-Modal Terminal Railway Yard (Pkg 06F),Railways,Maharashtra,Siemens Rail India,IRCON,Ministry of Railways,2020-11-01,4187.8,44.3,51.5,-7.2,1.195,12,0.527,0.712,78.8,1.1,0.809,55.6,69.6,0.367,0.0,35,moderate,1,93.9,93.9,True,SYNTHETIC
SYN-WATR-RAJ-PKG-07G,[SYNTHETIC] Rajasthan Lift Irrigation Distribution System (Pkg 07G),Water,Rajasthan,Larsen & Toubro Water,Jal Nigam,Ministry of Jal Shakti,2020-11-05,3350.7,57.4,74.6,-17.2,1.15,12,0.288,0.149,62.1,1.12,0.731,35.3,67.7,0.284,0.0,135,high_risk,2,77.5,77.5,True,SYNTHETIC
SYN-URBN-HIM-PKG-08H,[SYNTHETIC] Himachal Pradesh Multi-Modal Transit Terminal Hub (Pkg 08H),Urban Development,Himachal Pradesh,Tata Projects,Maha Metro,Ministry of Housing & Urban Affairs,2020-11-19,3356.0,33.1,31.6,1.5,1.02,2,0.887,0.762,77.4,1.51,0.631,35.8,67.3,0.603,0.0,9,on_track,0,96.7,96.7,True,SYNTHETIC
SYN-URBN-BIH-PKG-09A,[SYNTHETIC] Bihar Metro Rail Elevated Rapid Transit Line (Pkg 09A),Urban Development,Bihar,Tata Projects,MMRDA,Ministry of Housing & Urban Affairs,2020-11-19,2955.2,38.0,43.3,-5.3,1.166,12,0.291,0.876,54.7,1.09,0.619,40.0,60.8,0.572,0.0,77,moderate,1,80.1,80.1,True,SYNTHETIC
SYN-HWAY-TEL-PKG-10B,[SYNTHETIC] Telangana 4-Lane Ring Road Bypass (Pkg 10B),Highways,Telangana,Afcons Infrastructure,NHAI,Ministry of Road Transport and Highways,2020-11-28,1147.2,34.4,64.8,-30.4,1.909,36,0.366,0.531,27.7,0.61,0.652,28.5,63.0,0.388,0.0,304,critical,2,87.8,87.8,True,SYNTHETIC
SYN-RLWY-KAR-PKG-11C,[SYNTHETIC] Karnataka High-Speed Bullet Rail Viaduct (Pkg 11C),Railways,Karnataka,Afcons Infrastructure,DFCCIL,Ministry of Railways,2020-12-21,2892.5,54.3,63.4,-9.1,1.205,12,0.447,0.725,65.3,1.04,0.801,27.7,59.7,0.351,0.0,88,moderate,1,92.8,92.8,True,SYNTHETIC
SYN-RLWY-NAG-PKG-12D,[SYNTHETIC] Nagaland High-Speed Bullet Rail Viaduct (Pkg 12D),Railways,Nagaland,Kalpataru Projects,RVNL,Ministry of Railways,2021-01-05,4824.2,86.7,87.5,-0.8,0.971,0,0.851,0.789,75.9,2.06,0.789,32.3,45.7,0.351,0.0,6,on_track,0,93.4,93.4,True,SYNTHETIC
SYN-POWR-MAN-PKG-13E,[SYNTHETIC] Manipur 800kV HVDC Inter-Regional Dipole Line (Pkg 13E),Power,Manipur,L&T Power Transmission,POWERGRID,Ministry of Power,2021-01-06,2234.5,57.4,61.1,-3.7,1.125,2,0.848,0.734,55.9,1.38,0.624,25.7,36.1,0.35,0.0,67,moderate,1,86.3,86.3,True,SYNTHETIC
SYN-URBN-ARU-PKG-14F,[SYNTHETIC] Arunachal Pradesh Flyover Grade Separator Complex (Pkg 14F),Urban Development,Arunachal Pradesh,Reliance Infra - Astaldi JV,MMRDA,Ministry of Housing & Urban Affairs,2021-01-09,515.0,41.8,47.2,-5.4,1.189,2,0.99,0.889,64.1,1.04,0.599,27.1,46.1,0.629,0.0,69,moderate,1,81.8,81.8,True,SYNTHETIC
SYN-URBN-DEL-PKG-15G,[SYNTHETIC] Delhi Metro Rail Elevated Rapid Transit Line (Pkg 15G),Urban Development,Delhi,Reliance Infra - Astaldi JV,Maha Metro,Ministry of Housing & Urban Affairs,2021-01-09,5361.6,32.2,55.2,-23.0,1.752,36,0.221,0.345,24.8,0.59,0.627,38.9,35.2,0.501,0.0,283,critical,2,87.7,87.7,True,SYNTHETIC
SYN-HWAY-HAR-PKG-16H,[SYNTHETIC] Haryana Greenfield Freight Motorway Section (Pkg 16H),Highways,Haryana,Ashoka Buildcon,NHAI,Ministry of Road Transport and Highways,2021-01-20,2796.6,45.5,51.7,-6.2,1.166,6,0.223,0.291,76.6,1.23,0.757,37.0,39.0,0.518,0.0,36,moderate,1,91.7,91.7,True,SYNTHETIC
SYN-RLWY-UTT-PKG-17A,[SYNTHETIC] Uttarakhand Multi-Modal Terminal Railway Yard (Pkg 17A),Railways,Uttarakhand,L&T Construction,NHSRCL,Ministry of Railways,2021-01-21,4744.5,81.7,83.3,-1.6,0.981,0,0.866,0.871,97.3,2.14,0.823,63.4,43.1,0.387,0.0,21,on_track,0,90.9,90.9,True,SYNTHETIC
SYN-POWR-DAD-PKG-18B,[SYNTHETIC] Dadra & Nagar Haveli and Daman & Diu 800kV HVDC Inter-Regional Dipole Line (Pkg 18B),Power,Dadra & Nagar Haveli and Daman & Diu,Sterlite Power,SJVN,Ministry of Power,2021-01-21,3722.7,64.3,64.0,0.3,0.99,0,0.283,0.711,76.2,1.78,0.697,21.7,37.0,0.435,0.0,15,on_track,0,96.5,96.5,True,SYNTHETIC
SYN-POWR-KAR-PKG-19C,[SYNTHETIC] Karnataka Run-of-River Hydroelectric Spillway (Pkg 19C),Power,Karnataka,L&T Power Transmission,SJVN,Ministry of Power,2021-02-02,4749.3,47.5,47.0,0.5,1.066,0,0.483,0.702,89.7,1.37,0.58,14.6,43.8,0.259,0.0,18,on_track,0,90.5,90.5,True,SYNTHETIC
SYN-URBN-MAH-PKG-20D,[SYNTHETIC] Maharashtra Smart City Integrated Command Centre (Pkg 20D),Urban Development,Maharashtra,L&T Construction,MMRDA,Ministry of Housing & Urban Affairs,2021-02-06,4466.3,67.6,70.9,-3.3,1.148,12,0.536,0.83,61.6,1.21,0.604,19.1,44.6,0.571,0.0,77,moderate,1,92.5,92.5,True,SYNTHETIC
SYN-URBN-AND-PKG-21E,[SYNTHETIC] Andhra Pradesh Metro Rail Elevated Rapid Transit Line (Pkg 21E),Urban Development,Andhra Pradesh,L&T Construction,DMRC,Ministry of Housing & Urban Affairs,2021-02-10,4028.4,63.7,62.6,1.1,1.042,0,0.435,0.726,89.5,1.96,0.507,32.1,39.7,0.591,0.0,24,on_track,0,97.1,97.1,True,SYNTHETIC
SYN-TELC-ASS-PKG-22F,[SYNTHETIC] Assam 100Gbps DWDM National Backbone Link (Pkg 22F),Telecom,Assam,HFCL,BBNL (BharatNet),Ministry of Communications,2021-02-10,4898.8,77.4,87.2,-9.8,1.092,6,0.71,0.952,76.7,1.2,0.491,23.3,45.9,0.309,0.0,36,moderate,1,84.4,84.4,True,SYNTHETIC
SYN-RLWY-BIH-PKG-23G,[SYNTHETIC] Bihar Dedicated Freight Corridor Section (Pkg 23G),Railways,Bihar,L&T Construction,Indian Railways,Ministry of Railways,2021-02-18,3072.8,56.7,69.8,-13.1,1.412,6,0.381,0.954,37.2,0.94,0.749,31.9,40.7,0.414,0.0,145,high_risk,2,76.0,76.0,True,SYNTHETIC
SYN-RLWY-KAR-PKG-24H,[SYNTHETIC] Karnataka Dedicated Freight Corridor Section (Pkg 24H),Railways,Karnataka,Tata Projects,RVNL,Ministry of Railways,2021-02-19,2979.0,77.2,78.1,-0.9,0.978,0,0.517,0.582,97.0,1.54,0.792,29.3,47.6,0.333,0.0,13,on_track,0,97.4,97.4,True,SYNTHETIC
SYN-WATR-KER-PKG-25A,[SYNTHETIC] Kerala Multi-Purpose Barrage & Canal Network (Pkg 25A),Water,Kerala,Vishwa Infrastructures,State Water Resource Dept,Ministry of Jal Shakti,2021-02-24,3334.8,74.5,80.0,-5.5,1.139,6,0.686,0.99,71.6,1.17,0.642,37.1,37.8,0.374,0.0,81,moderate,1,78.9,78.9,True,SYNTHETIC
SYN-URBN-BIH-PKG-01B,[SYNTHETIC] Bihar Metro Rail Elevated Rapid Transit Line (Pkg 01B),Urban Development,Bihar,Reliance Infra - Astaldi JV,DMRC,Ministry of Housing & Urban Affairs,2021-02-28,2757.4,43.9,49.4,-5.5,1.096,6,0.331,0.927,62.2,1.36,0.6,35.5,47.8,0.555,0.0,58,moderate,1,89.1,89.1,True,SYNTHETIC
SYN-TELC-AND-PKG-02C,[SYNTHETIC] Andhra Pradesh BharatNet Phase-III Optical Fiber Grid (Pkg 02C),Telecom,Andhra Pradesh,HFCL,TCIL,Ministry of Communications,2021-03-22,4700.9,44.5,57.8,-13.3,1.351,12,0.427,0.717,47.4,0.7,0.617,24.7,36.2,0.297,0.0,163,high_risk,2,90.2,90.2,True,SYNTHETIC
SYN-HWAY-WES-PKG-03D,[SYNTHETIC] West Bengal Greenfield Freight Motorway Section (Pkg 03D),Highways,West Bengal,Ashoka Buildcon,MoRTH,Ministry of Road Transport and Highways,2021-03-30,4226.8,40.2,38.0,2.2,1.006,0,0.389,0.837,88.7,1.82,0.662,36.9,39.7,0.416,0.0,6,on_track,0,88.3,88.3,True,SYNTHETIC
SYN-RLWY-LAK-PKG-04E,[SYNTHETIC] Lakshadweep Multi-Modal Terminal Railway Yard (Pkg 04E),Railways,Lakshadweep,KEC International,RVNL,Ministry of Railways,2021-04-12,5246.9,62.9,61.9,1.0,1.015,0,0.586,0.822,90.2,2.1,0.732,58.4,42.8,0.36,0.0,1,on_track,0,91.3,91.3,True,SYNTHETIC
SYN-RLWY-RAJ-PKG-05F,[SYNTHETIC] Rajasthan Double Track Electrification Package (Pkg 05F),Railways,Rajasthan,Tata Projects,RVNL,Ministry of Railways,2021-04-25,831.6,46.6,64.9,-18.3,1.275,6,0.347,0.225,37.8,0.87,0.822,54.5,47.6,0.412,0.0,146,high_risk,2,86.8,86.8,True,SYNTHETIC
SYN-WATR-MAN-PKG-06G,[SYNTHETIC] Manipur Jal Jeevan Mission Bulk Water Pipeline (Pkg 06G),Water,Manipur,Megha Engineering (MEIL),WAPCOS,Ministry of Jal Shakti,2021-04-28,4044.4,33.1,36.3,-3.2,1.113,2,0.826,0.858,76.6,1.05,0.627,48.7,41.7,0.339,0.0,58,moderate,1,86.5,86.5,True,SYNTHETIC
SYN-WATR-TEL-PKG-07H,[SYNTHETIC] Telangana Jal Jeevan Mission Bulk Water Pipeline (Pkg 07H),Water,Telangana,Vishwa Infrastructures,NWDA,Ministry of Jal Shakti,2021-05-06,3907.7,60.2,76.7,-16.5,1.371,6,0.379,0.499,58.9,0.93,0.66,57.2,35.2,0.302,0.0,161,high_risk,2,75.2,75.2,True,SYNTHETIC
SYN-TELC-MAD-PKG-08A,[SYNTHETIC] Madhya Pradesh Strategic Submarine OFC Coastal Terminal (Pkg 08A),Telecom,Madhya Pradesh,L&T Technology Services,RailTel,Ministry of Communications,2021-05-22,4366.5,35.1,45.3,-10.2,1.256,6,0.514,0.53,60.1,1.43,0.65,17.5,40.0,0.297,0.0,58,moderate,1,90.9,90.9,True,SYNTHETIC
SYN-TELC-AND-PKG-09B,[SYNTHETIC] Andhra Pradesh 4G/5G Border & Island Connectivity (Pkg 09B),Telecom,Andhra Pradesh,ITI Limited,BBNL (BharatNet),Ministry of Communications,2021-06-14,2191.4,75.5,81.5,-6.0,1.319,6,0.37,0.656,64.2,1.35,0.477,25.2,45.3,0.221,0.0,49,moderate,1,79.8,79.8,True,SYNTHETIC
SYN-RLWY-UTT-PKG-10C,[SYNTHETIC] Uttar Pradesh Dedicated Freight Corridor Section (Pkg 10C),Railways,Uttar Pradesh,L&T Construction,IRCON,Ministry of Railways,2021-07-27,1563.7,34.4,68.8,-34.4,1.543,36,0.245,0.561,38.4,0.54,0.805,36.9,46.2,0.347,0.0,204,critical,2,88.8,88.8,True,SYNTHETIC
SYN-RLWY-AND-PKG-11D,[SYNTHETIC] Andhra Pradesh Dedicated Freight Corridor Section (Pkg 11D),Railways,Andhra Pradesh,Ircon International,Indian Railways,Ministry of Railways,2021-07-28,2782.5,29.6,39.2,-9.6,1.118,6,0.447,0.691,77.0,1.18,0.803,57.8,45.9,0.322,0.0,37,moderate,1,88.3,88.3,True,SYNTHETIC
SYN-POWR-ODI-PKG-12E,[SYNTHETIC] Odisha 800kV HVDC Inter-Regional Dipole Line (Pkg 12E),Power,Odisha,Sterlite Power,NTPC,Ministry of Power,2021-07-31,3386.8,50.3,47.1,3.2,0.996,0,0.618,0.823,98.9,1.5,0.694,27.6,39.0,0.346,0.0,6,on_track,0,95.6,95.6,True,SYNTHETIC
SYN-WATR-MIZ-PKG-13F,[SYNTHETIC] Mizoram Lift Irrigation Distribution System (Pkg 13F),Water,Mizoram,NCC Limited,PPA / CWC,Ministry of Jal Shakti,2021-08-05,2713.3,64.9,66.3,-1.4,0.978,0,0.822,0.796,83.0,2.05,0.726,27.3,39.2,0.331,0.0,16,on_track,0,85.2,85.2,True,SYNTHETIC
SYN-TELC-DAD-PKG-14G,[SYNTHETIC] Dadra & Nagar Haveli and Daman & Diu Strategic Submarine OFC Coastal Terminal (Pkg 14G),Telecom,Dadra & Nagar Haveli and Daman & Diu,L&T Technology Services,BBNL (BharatNet),Ministry of Communications,2021-08-05,661.9,28.3,27.8,0.5,0.932,0,0.284,0.623,97.8,2.24,0.65,19.0,44.1,0.309,0.0,6,on_track,0,90.3,90.3,True,SYNTHETIC
SYN-HWAY-GUJ-PKG-15H,[SYNTHETIC] Gujarat Economic Expressway Corridor (Pkg 15H),Highways,Gujarat,IRB Infrastructure,MoRTH,Ministry of Road Transport and Highways,2021-08-30,4849.7,43.5,44.2,-0.7,1.004,0,0.316,0.573,84.1,1.49,0.854,22.8,35.0,0.466,0.0,15,on_track,0,94.2,94.2,True,SYNTHETIC
SYN-HWAY-PUN-PKG-16A,[SYNTHETIC] Punjab Strategic Border Highway NH-Pass (Pkg 16A),Highways,Punjab,PNC Infratech,State PWD Highways,Ministry of Road Transport and Highways,2021-09-02,999.9,54.1,55.5,-1.4,1.057,0,0.272,0.326,99.9,1.38,0.727,48.8,46.9,0.429,0.0,22,on_track,0,96.9,96.9,True,SYNTHETIC
SYN-RLWY-SIK-PKG-17B,[SYNTHETIC] Sikkim Dedicated Freight Corridor Section (Pkg 17B),Railways,Sikkim,Afcons Infrastructure,NHSRCL,Ministry of Railways,2021-10-20,2843.4,70.0,70.0,-0.0,1.078,2,0.928,0.832,77.5,1.72,0.817,36.0,46.8,0.355,0.0,22,on_track,0,89.0,89.0,True,SYNTHETIC
SYN-POWR-HAR-PKG-18C,[SYNTHETIC] Haryana Gas-Insulated GIS Substation Node (Pkg 18C),Power,Haryana,KEC International,NEEPCO,Ministry of Power,2021-11-13,731.0,42.9,62.2,-19.3,1.407,18,0.258,0.231,60.5,1.14,0.567,31.7,42.4,0.311,0.0,167,high_risk,2,76.3,76.3,True,SYNTHETIC
SYN-URBN-MIZ-PKG-19D,[SYNTHETIC] Mizoram Flyover Grade Separator Complex (Pkg 19D),Urban Development,Mizoram,Tata Projects,MMRDA,Ministry of Housing & Urban Affairs,2021-12-21,1959.3,54.3,77.6,-23.3,1.643,18,0.875,0.85,35.9,0.58,0.599,24.9,41.4,0.424,0.0,402,critical,2,87.8,87.8,True,SYNTHETIC
SYN-TELC-MAN-PKG-20E,[SYNTHETIC] Manipur BharatNet Phase-III Optical Fiber Grid (Pkg 20E),Telecom,Manipur,Sterlite Technologies,RailTel,Ministry of Communications,2021-12-28,1110.8,53.1,53.3,-0.2,1.013,0,0.879,0.834,85.5,1.66,0.523,26.2,36.0,0.221,0.0,5,on_track,0,94.5,94.5,True,SYNTHETIC
SYN-TELC-MEG-PKG-21F,[SYNTHETIC] Meghalaya 4G/5G Border & Island Connectivity (Pkg 21F),Telecom,Meghalaya,ITI Limited,BBNL (BharatNet),Ministry of Communications,2022-01-05,3603.2,26.3,38.8,-12.5,1.487,6,0.814,0.958,48.7,1.08,0.536,15.1,44.3,0.204,0.0,141,high_risk,2,83.2,83.2,True,SYNTHETIC
SYN-RLWY-SIK-PKG-22G,[SYNTHETIC] Sikkim Double Track Electrification Package (Pkg 22G),Railways,Sikkim,Kalpataru Projects,DFCCIL,Ministry of Railways,2022-01-25,816.7,30.9,38.1,-7.2,1.279,12,0.99,0.857,69.1,1.26,0.77,57.3,39.0,0.345,0.0,89,moderate,1,81.6,81.6,True,SYNTHETIC
SYN-RLWY-MAD-PKG-23H,[SYNTHETIC] Madhya Pradesh Mountain Tunnel & Gauge Conversion (Pkg 23H),Railways,Madhya Pradesh,Tata Projects,DFCCIL,Ministry of Railways,2022-01-28,3433.1,41.7,54.7,-13.0,1.382,6,0.523,0.498,42.6,0.74,0.775,64.8,47.8,0.385,0.0,154,high_risk,2,85.8,85.8,True,SYNTHETIC
SYN-POWR-HAR-PKG-24A,[SYNTHETIC] Haryana Gas-Insulated GIS Substation Node (Pkg 24A),Power,Haryana,Kalpataru Power Transmission,NEEPCO,Ministry of Power,2022-01-30,1036.1,89.2,90.9,-1.7,0.979,0,0.179,0.26,80.2,2.24,0.669,25.3,42.7,0.387,0.0,8,on_track,0,95.3,95.3,True,SYNTHETIC
SYN-WATR-TRI-PKG-25B,[SYNTHETIC] Tripura Jal Jeevan Mission Bulk Water Pipeline (Pkg 25B),Water,Tripura,NCC Limited,NWDA,Ministry of Jal Shakti,2022-02-04,1328.5,25.4,49.9,-24.5,1.697,36,0.753,0.823,18.3,0.54,0.651,44.9,39.4,0.245,0.0,321,critical,2,76.6,76.6,True,SYNTHETIC
SYN-TELC-ASS-PKG-01C,[SYNTHETIC] Assam 100Gbps DWDM National Backbone Link (Pkg 01C),Telecom,Assam,ITI Limited,BSNL,Ministry of Communications,2022-02-05,5304.1,50.1,48.6,1.5,0.957,0,0.62,0.946,90.0,1.79,0.548,23.0,40.0,0.271,0.0,9,on_track,0,94.6,94.6,True,SYNTHETIC
SYN-HWAY-BIH-PKG-02D,[SYNTHETIC] Bihar Economic Expressway Corridor (Pkg 02D),Highways,Bihar,KNR Constructions,BRO,Ministry of Road Transport and Highways,2022-02-25,4112.4,69.2,76.3,-7.1,1.146,12,0.323,0.861,77.5,1.01,0.675,52.2,37.6,0.533,0.0,31,moderate,1,78.7,78.7,True,SYNTHETIC
SYN-HWAY-GOA-PKG-03E,[SYNTHETIC] Goa Multi-Span Elevated Viaduct Stretch (Pkg 03E),Highways,Goa,Dilip Buildcon Ltd.,BRO,Ministry of Road Transport and Highways,2022-03-03,4033.9,80.0,81.6,-1.6,0.975,0,0.576,0.737,94.8,1.88,0.778,27.8,36.8,0.44,0.0,13,on_track,0,86.5,86.5,True,SYNTHETIC
SYN-POWR-TEL-PKG-04F,[SYNTHETIC] Telangana 765kV Green Energy Transmission Link (Pkg 04F),Power,Telangana,Tata Power,POWERGRID,Ministry of Power,2022-03-04,4577.6,50.6,61.3,-10.7,1.39,12,0.401,0.421,56.8,0.99,0.666,22.3,46.2,0.466,0.0,133,high_risk,2,86.2,86.2,True,SYNTHETIC
SYN-POWR-TAM-PKG-05G,[SYNTHETIC] Tamil Nadu 800kV HVDC Inter-Regional Dipole Line (Pkg 05G),Power,Tamil Nadu,Sterlite Power,NEEPCO,Ministry of Power,2022-03-06,1617.3,69.9,70.7,-0.8,1.01,0,0.41,0.606,99.2,1.62,0.704,26.0,46.8,0.236,0.0,9,on_track,0,90.0,90.0,True,SYNTHETIC
SYN-WATR-UTT-PKG-06H,[SYNTHETIC] Uttar Pradesh Lift Irrigation Distribution System (Pkg 06H),Water,Uttar Pradesh,GVPR Engineers,Jal Nigam,Ministry of Jal Shakti,2022-03-20,1578.0,44.2,49.4,-5.2,1.153,2,0.222,0.56,75.9,0.98,0.686,48.5,47.5,0.324,0.0,64,moderate,1,90.6,90.6,True,SYNTHETIC
SYN-URBN-CHH-PKG-07A,[SYNTHETIC] Chhattisgarh Multi-Modal Transit Terminal Hub (Pkg 07A),Urban Development,Chhattisgarh,Afcons Infrastructure,MMRDA,Ministry of Housing & Urban Affairs,2022-03-29,5256.9,31.4,42.9,-11.5,1.259,12,0.66,0.537,45.9,1.01,0.644,32.5,42.2,0.531,0.0,161,high_risk,2,91.3,91.3,True,SYNTHETIC
SYN-TELC-TAM-PKG-08B,[SYNTHETIC] Tamil Nadu High-Altitude Satellite Earth Ground Node (Pkg 08B),Telecom,Tamil Nadu,Tejas Networks,TCIL,Ministry of Communications,2022-03-30,593.9,71.6,79.8,-8.2,1.238,2,0.452,0.615,57.1,1.04,0.584,27.3,46.1,0.34,0.0,31,moderate,1,80.1,80.1,True,SYNTHETIC
SYN-HWAY-JAM-PKG-09C,[SYNTHETIC] Jammu & Kashmir Strategic Border Highway NH-Pass (Pkg 09C),Highways,Jammu & Kashmir,KNR Constructions,NHAI,Ministry of Road Transport and Highways,2022-05-07,607.8,44.4,63.2,-18.8,1.388,6,0.913,0.683,59.4,0.7,0.636,23.0,46.2,0.488,0.0,98,high_risk,2,91.6,91.6,True,SYNTHETIC
SYN-POWR-ODI-PKG-10D,[SYNTHETIC] Odisha 800kV HVDC Inter-Regional Dipole Line (Pkg 10D),Power,Odisha,Tata Power,NTPC,Ministry of Power,2022-05-16,1811.6,73.5,70.9,2.6,1.021,0,0.619,0.923,96.6,1.47,0.646,21.0,42.8,0.348,0.0,21,on_track,0,96.2,96.2,True,SYNTHETIC
SYN-POWR-PUD-PKG-11E,[SYNTHETIC] Puducherry Run-of-River Hydroelectric Spillway (Pkg 11E),Power,Puducherry,Kalpataru Power Transmission,NHPC,Ministry of Power,2022-06-24,4144.4,52.6,62.7,-10.1,1.288,6,0.313,0.61,43.1,1.11,0.567,17.8,38.3,0.372,0.0,153,high_risk,2,89.2,89.2,True,SYNTHETIC
SYN-URBN-GOA-PKG-12F,[SYNTHETIC] Goa Underground Metro Boring & Station Pkg (Pkg 12F),Urban Development,Goa,Tata Projects,DMRC,Ministry of Housing & Urban Affairs,2022-07-03,3787.3,45.7,50.2,-4.5,1.155,6,0.579,0.813,60.6,1.23,0.526,35.2,46.7,0.51,0.0,32,moderate,1,87.2,87.2,True,SYNTHETIC
SYN-TELC-ARU-PKG-13G,[SYNTHETIC] Arunachal Pradesh 100Gbps DWDM National Backbone Link (Pkg 13G),Telecom,Arunachal Pradesh,L&T Technology Services,BSNL,Ministry of Communications,2022-07-14,3691.2,58.6,56.5,2.1,0.954,2,0.952,0.918,80.6,2.03,0.463,22.8,39.3,0.254,0.0,6,on_track,0,95.6,95.6,True,SYNTHETIC
SYN-HWAY-DEL-PKG-14H,[SYNTHETIC] Delhi Multi-Span Elevated Viaduct Stretch (Pkg 14H),Highways,Delhi,IRB Infrastructure,State PWD Highways,Ministry of Road Transport and Highways,2022-07-14,637.2,84.1,85.9,-1.8,1.069,0,0.285,0.355,97.4,1.61,0.697,35.6,45.6,0.405,0.0,17,on_track,0,88.2,88.2,True,SYNTHETIC
SYN-HWAY-GOA-PKG-15A,[SYNTHETIC] Goa 4-Lane Ring Road Bypass (Pkg 15A),Highways,Goa,KNR Constructions,State PWD Highways,Ministry of Road Transport and Highways,2022-08-21,4292.5,47.7,45.2,2.5,0.988,0,0.571,0.777,79.3,2.05,0.751,31.1,45.6,0.493,0.0,23,on_track,0,88.3,88.3,True,SYNTHETIC
SYN-RLWY-KAR-PKG-16B,[SYNTHETIC] Karnataka Double Track Electrification Package (Pkg 16B),Railways,Karnataka,Siemens Rail India,RVNL,Ministry of Railways,2022-09-17,1954.4,43.6,42.6,1.0,1.106,2,0.55,0.663,77.0,2.07,0.746,58.3,38.2,0.396,0.0,3,on_track,0,92.0,92.0,True,SYNTHETIC
SYN-WATR-ODI-PKG-17C,[SYNTHETIC] Odisha Multi-Purpose Barrage & Canal Network (Pkg 17C),Water,Odisha,GVPR Engineers,Jal Nigam,Ministry of Jal Shakti,2022-09-23,1896.1,42.4,49.9,-7.5,1.211,2,0.687,0.768,76.3,1.03,0.697,46.8,45.4,0.266,0.0,46,moderate,1,85.5,85.5,True,SYNTHETIC
SYN-WATR-MAH-PKG-18D,[SYNTHETIC] Maharashtra Jal Jeevan Mission Bulk Water Pipeline (Pkg 18D),Water,Maharashtra,Vishwa Infrastructures,NWDA,Ministry of Jal Shakti,2022-09-29,243.8,84.0,83.7,0.3,1.0,0,0.558,0.752,88.2,1.75,0.769,57.2,43.2,0.342,0.0,6,on_track,0,85.9,85.9,True,SYNTHETIC
SYN-TELC-CHH-PKG-19E,[SYNTHETIC] Chhattisgarh High-Altitude Satellite Earth Ground Node (Pkg 19E),Telecom,Chhattisgarh,ITI Limited,TCIL,Ministry of Communications,2022-09-30,2840.8,21.8,42.5,-20.7,1.806,18,0.584,0.607,44.6,0.87,0.62,12.4,40.8,0.279,0.0,274,critical,2,80.6,80.6,True,SYNTHETIC
SYN-TELC-JHA-PKG-20F,[SYNTHETIC] Jharkhand 4G/5G Border & Island Connectivity (Pkg 20F),Telecom,Jharkhand,Tejas Networks,USOF (DoT),Ministry of Communications,2022-10-07,2911.0,51.4,56.9,-5.5,1.126,2,0.681,0.542,61.5,0.95,0.54,23.5,41.3,0.274,0.0,51,moderate,1,82.9,82.9,True,SYNTHETIC
SYN-HWAY-TAM-PKG-21G,[SYNTHETIC] Tamil Nadu Economic Expressway Corridor (Pkg 21G),Highways,Tamil Nadu,Ashoka Buildcon,NHIDCL,Ministry of Road Transport and Highways,2022-10-12,768.4,67.0,77.6,-10.6,1.387,24,0.4,0.696,47.2,1.16,0.861,28.0,38.1,0.47,0.0,112,high_risk,2,86.9,86.9,True,SYNTHETIC
SYN-RLWY-DEL-PKG-22H,[SYNTHETIC] Delhi Double Track Electrification Package (Pkg 22H),Railways,Delhi,Kalpataru Projects,DFCCIL,Ministry of Railways,2022-11-12,3890.9,38.5,52.7,-14.2,1.404,6,0.305,0.325,62.6,1.05,0.788,49.0,40.8,0.454,0.0,161,high_risk,2,91.7,91.7,True,SYNTHETIC
SYN-WATR-TRI-PKG-23A,[SYNTHETIC] Tripura Lift Irrigation Distribution System (Pkg 23A),Water,Tripura,GVPR Engineers,State Water Resource Dept,Ministry of Jal Shakti,2022-11-20,566.6,46.9,48.6,-1.7,1.023,0,0.716,0.827,80.2,1.76,0.616,55.1,43.1,0.341,0.0,0,on_track,0,91.4,91.4,True,SYNTHETIC
SYN-URBN-ARU-PKG-24B,[SYNTHETIC] Arunachal Pradesh Underground Metro Boring & Station Pkg (Pkg 24B),Urban Development,Arunachal Pradesh,ITD Cementation,BMRCL,Ministry of Housing & Urban Affairs,2023-01-10,4452.3,58.2,63.5,-5.3,1.172,6,0.952,0.902,74.7,1.06,0.74,28.6,44.8,0.535,0.0,59,moderate,1,85.1,85.1,True,SYNTHETIC
SYN-TELC-MAH-PKG-25C,[SYNTHETIC] Maharashtra BharatNet Phase-III Optical Fiber Grid (Pkg 25C),Telecom,Maharashtra,ITI Limited,TCIL,Ministry of Communications,2023-02-21,3129.3,73.4,78.8,-5.4,1.158,2,0.58,0.704,64.5,1.46,0.539,20.6,42.3,0.298,0.0,68,moderate,1,78.2,78.2,True,SYNTHETIC
SYN-HWAY-SIK-PKG-01D,[SYNTHETIC] Sikkim 4-Lane Ring Road Bypass (Pkg 01D),Highways,Sikkim,IRB Infrastructure,MoRTH,Ministry of Road Transport and Highways,2023-03-05,3251.0,44.9,42.6,2.3,1.014,0,0.985,0.82,76.7,2.2,0.832,50.5,44.1,0.452,0.0,5,on_track,0,87.1,87.1,True,SYNTHETIC
SYN-HWAY-UTT-PKG-02E,[SYNTHETIC] Uttarakhand Greenfield Freight Motorway Section (Pkg 02E),Highways,Uttarakhand,Tata Projects,MoRTH,Ministry of Road Transport and Highways,2023-04-01,1213.4,69.6,81.0,-11.4,1.28,18,0.88,0.798,46.4,0.86,0.776,23.2,44.6,0.472,0.0,125,high_risk,2,81.4,81.4,True,SYNTHETIC
SYN-POWR-KER-PKG-03F,[SYNTHETIC] Kerala Gas-Insulated GIS Substation Node (Pkg 03F),Power,Kerala,Kalpataru Power Transmission,POWERGRID,Ministry of Power,2023-04-02,4559.4,17.9,40.9,-23.0,1.709,36,0.625,0.927,23.0,0.85,0.634,23.2,38.6,0.313,0.0,493,critical,2,93.0,93.0,True,SYNTHETIC
SYN-WATR-SIK-PKG-04G,[SYNTHETIC] Sikkim Multi-Purpose Barrage & Canal Network (Pkg 04G),Water,Sikkim,Megha Engineering (MEIL),NWDA,Ministry of Jal Shakti,2023-05-19,882.7,50.8,55.1,-4.3,1.243,2,0.94,0.9,69.6,1.25,0.7,26.0,35.1,0.27,0.0,57,moderate,1,91.2,91.2,True,SYNTHETIC
SYN-WATR-MAH-PKG-05H,[SYNTHETIC] Maharashtra Urban Potable Water Treatment Plant (Pkg 05H),Water,Maharashtra,NCC Limited,NWDA,Ministry of Jal Shakti,2023-06-25,4753.6,53.1,52.1,1.0,1.023,0,0.559,0.758,90.3,1.68,0.723,30.2,35.7,0.431,0.0,8,on_track,0,96.0,96.0,True,SYNTHETIC
SYN-URBN-TRI-PKG-06A,[SYNTHETIC] Tripura Flyover Grade Separator Complex (Pkg 06A),Urban Development,Tripura,Tata Projects,Maha Metro,Ministry of Housing & Urban Affairs,2023-07-07,4658.5,43.4,76.6,-33.2,1.702,24,0.765,0.765,22.6,0.66,0.62,30.0,47.5,0.522,0.0,406,critical,2,90.9,90.9,True,SYNTHETIC
SYN-HWAY-UTT-PKG-07B,[SYNTHETIC] Uttarakhand Greenfield Freight Motorway Section (Pkg 07B),Highways,Uttarakhand,KNR Constructions,MoRTH,Ministry of Road Transport and Highways,2023-07-09,3551.5,68.1,79.9,-11.8,1.366,12,0.91,0.797,47.3,0.94,0.727,53.3,42.9,0.496,0.0,99,high_risk,2,80.8,80.8,True,SYNTHETIC
SYN-HWAY-KER-PKG-08C,[SYNTHETIC] Kerala Strategic Border Highway NH-Pass (Pkg 08C),Highways,Kerala,IRB Infrastructure,State PWD Highways,Ministry of Road Transport and Highways,2023-07-26,4276.0,26.9,40.4,-13.5,1.395,6,0.631,0.961,38.6,1.1,0.68,44.1,46.1,0.383,0.0,105,high_risk,2,87.0,87.0,True,SYNTHETIC
SYN-RLWY-BIH-PKG-09D,[SYNTHETIC] Bihar High-Speed Bullet Rail Viaduct (Pkg 09D),Railways,Bihar,KEC International,Indian Railways,Ministry of Railways,2023-08-10,2865.2,71.9,73.3,-1.4,1.086,0,0.334,0.786,94.5,1.79,0.707,60.3,43.5,0.376,0.0,4,on_track,0,94.7,94.7,True,SYNTHETIC
SYN-POWR-CHA-PKG-10E,[SYNTHETIC] Chandigarh 800kV HVDC Inter-Regional Dipole Line (Pkg 10E),Power,Chandigarh,Sterlite Power,NEEPCO,Ministry of Power,2023-10-05,3398.7,40.3,47.3,-7.0,1.255,6,0.208,0.278,61.7,1.03,0.488,17.9,36.6,0.438,0.75,78,moderate,1,86.2,86.2,True,SYNTHETIC
SYN-WATR-LAD-PKG-11F,[SYNTHETIC] Ladakh Lift Irrigation Distribution System (Pkg 11F),Water,Ladakh,Patel Engineering,NWDA,Ministry of Jal Shakti,2023-10-24,2998.2,83.2,83.2,-0.0,0.998,0,0.967,0.1,95.6,2.24,0.619,32.4,45.1,0.328,0.75,22,on_track,0,91.2,91.2,True,SYNTHETIC
SYN-TELC-WES-PKG-12G,[SYNTHETIC] West Bengal High-Altitude Satellite Earth Ground Node (Pkg 12G),Telecom,West Bengal,Tejas Networks,USOF (DoT),Ministry of Communications,2024-01-20,1334.4,56.6,61.2,-4.6,1.078,6,0.418,0.828,65.0,1.05,0.48,15.9,20.3,0.327,0.75,58,moderate,1,91.0,91.0,True,SYNTHETIC
SYN-TELC-WES-PKG-13H,[SYNTHETIC] West Bengal High-Altitude Satellite Earth Ground Node (Pkg 13H),Telecom,West Bengal,L&T Technology Services,USOF (DoT),Ministry of Communications,2024-01-27,714.9,27.3,31.0,-3.7,1.137,2,0.381,0.775,62.1,1.23,0.553,16.0,27.0,0.118,0.75,33,moderate,1,93.5,93.5,True,SYNTHETIC
SYN-HWAY-HIM-PKG-14A,[SYNTHETIC] Himachal Pradesh Strategic Border Highway NH-Pass (Pkg 14A),Highways,Himachal Pradesh,IRB Infrastructure,State PWD Highways,Ministry of Road Transport and Highways,2024-02-26,2495.3,83.4,87.7,-4.3,1.147,2,0.897,0.815,69.8,1.37,0.631,53.5,25.5,0.455,0.75,78,moderate,1,90.7,90.7,True,SYNTHETIC
SYN-POWR-UTT-PKG-15B,[SYNTHETIC] Uttar Pradesh 800kV HVDC Inter-Regional Dipole Line (Pkg 15B),Power,Uttar Pradesh,KEC International,POWERGRID,Ministry of Power,2024-05-21,3859.0,40.6,62.8,-22.2,1.679,24,0.241,0.627,21.1,0.81,0.48,27.7,18.6,0.279,0.75,487,critical,2,88.1,88.1,True,SYNTHETIC
SYN-WATR-NAG-PKG-16C,[SYNTHETIC] Nagaland Multi-Purpose Barrage & Canal Network (Pkg 16C),Water,Nagaland,Patel Engineering,State Water Resource Dept,Ministry of Jal Shakti,2024-10-13,4853.9,37.7,51.6,-13.9,1.298,12,0.892,0.756,61.2,0.94,0.649,34.4,25.8,0.266,0.75,175,high_risk,2,78.3,78.3,True,SYNTHETIC
SYN-WATR-MIZ-PKG-17D,[SYNTHETIC] Mizoram Jal Jeevan Mission Bulk Water Pipeline (Pkg 17D),Water,Mizoram,GVPR Engineers,WAPCOS,Ministry of Jal Shakti,2024-10-20,2455.9,62.8,63.4,-0.6,0.961,0,0.829,0.821,76.4,1.81,0.645,47.3,24.6,0.178,0.75,22,on_track,0,93.6,93.6,True,SYNTHETIC
SYN-URBN-MAH-PKG-18E,[SYNTHETIC] Maharashtra Metro Rail Elevated Rapid Transit Line (Pkg 18E),Urban Development,Maharashtra,Reliance Infra - Astaldi JV,UPMRC,Ministry of Housing & Urban Affairs,2024-11-19,3771.8,18.2,35.1,-16.9,1.48,12,0.522,0.788,54.0,1.24,0.445,19.0,25.7,0.597,0.75,175,high_risk,2,86.9,86.9,True,SYNTHETIC
SYN-HWAY-PUN-PKG-19F,[SYNTHETIC] Punjab 4-Lane Ring Road Bypass (Pkg 19F),Highways,Punjab,Afcons Infrastructure,MoRTH,Ministry of Road Transport and Highways,2024-11-19,1954.3,37.3,45.0,-7.7,1.181,6,0.267,0.277,59.6,1.53,0.67,32.0,29.6,0.497,0.75,36,moderate,1,80.7,80.7,True,SYNTHETIC
SYN-HWAY-AND-PKG-20G,[SYNTHETIC] Andaman & Nicobar Greenfield Freight Motorway Section (Pkg 20G),Highways,Andaman & Nicobar,Ashoka Buildcon,State PWD Highways,Ministry of Road Transport and Highways,2024-11-19,4986.0,59.3,58.7,0.6,0.935,0,0.708,0.91,83.8,1.7,0.611,45.4,26.8,0.372,0.75,1,on_track,0,95.8,95.8,True,SYNTHETIC
SYN-RLWY-KAR-PKG-21H,[SYNTHETIC] Karnataka Dedicated Freight Corridor Section (Pkg 21H),Railways,Karnataka,Afcons Infrastructure,DFCCIL,Ministry of Railways,2024-11-19,1026.1,26.5,32.5,-6.0,1.092,2,0.569,0.7,79.4,1.41,0.715,52.2,18.7,0.409,0.75,68,moderate,1,85.2,85.2,True,SYNTHETIC
SYN-POWR-MAN-PKG-22A,[SYNTHETIC] Manipur 800kV HVDC Inter-Regional Dipole Line (Pkg 22A),Power,Manipur,BHEL,POWERGRID,Ministry of Power,2024-11-19,3396.9,35.2,36.0,-0.8,1.036,0,0.886,0.726,89.4,1.38,0.467,16.2,24.8,0.343,0.75,15,on_track,0,89.9,89.9,True,SYNTHETIC
SYN-URBN-LAD-PKG-23B,[SYNTHETIC] Ladakh Smart City Integrated Command Centre (Pkg 23B),Urban Development,Ladakh,ITD Cementation,DMRC,Ministry of Housing & Urban Affairs,2024-11-19,3268.1,90.7,89.5,1.2,1.05,0,0.916,0.133,92.8,1.76,0.549,34.4,29.5,0.481,0.75,8,on_track,0,92.2,92.2,True,SYNTHETIC
SYN-TELC-TAM-PKG-24C,[SYNTHETIC] Tamil Nadu High-Altitude Satellite Earth Ground Node (Pkg 24C),Telecom,Tamil Nadu,TCIL,TCIL,Ministry of Communications,2024-11-19,3646.1,9.3,43.1,-33.8,1.589,24,0.399,0.654,29.1,0.9,0.474,21.3,22.8,0.333,0.75,266,critical,2,87.2,87.2,True,SYNTHETIC
SYN-HWAY-DEL-PKG-25D,[SYNTHETIC] Delhi 4-Lane Ring Road Bypass (Pkg 25D),Highways,Delhi,Tata Projects,NHAI,Ministry of Road Transport and Highways,2024-11-19,2937.0,16.2,50.0,-33.8,1.681,24,0.281,0.289,35.3,0.87,0.625,38.3,20.4,0.529,0.75,324,critical,2,94.7,94.7,True,SYNTHETIC
